,Title,Director,Rating,Airdate,Season_number,Episode_Number,Description,Genres,Cast,Character
0,Pilot,Vince Gilligan,9.0,Episode aired 20 January 2008,Season 1,Episode 1,"Just days after his 50th birthday, chemistry teacher Walter White's life of quiet desperation completely transforms when he's diagnosed with inoperable lung cancer. To support his pregnant wife and son, he partners with Jesse, a former student, to turn an old RV into a mobile meth lab. But their first attempt at unloading their product takes a deadly turn when Jesse introduces Walt to his unstable business associates.","[' Crime', ' Drama', ' Thriller']","['Bryan Cranston', 'Anna Gunn', 'Aaron Paul', 'Dean Norris', 'Betsy Brandt', 'RJ Mitte', 'Max Arciniega', 'John Koyama', 'Steven Michael Quezada', 'Marius Stan', 'Aaron Hill', 'Gregory Chase', 'Carmen Serano', 'Evan Bobrick', 'Roberta Marquez Seret']","['Walter White', 'Skyler White', 'Jesse Pinkman', 'Hank Schrader', 'Marie Schrader', 'Walter White, Jr.', 'Krazy-8', 'Emilio Koyama', 'Steven Gomez', 'Bogdan Wolynetz', 'Jock', 'Dr. Belknap', 'Carmen Molina', 'Chad', ""Chad's Girlfriend""]"
1,Cat's in the Bag...,Adam Bernstein,8.7,Episode aired 27 January 2008,Season 1,Episode 2,"Walt and Jesse manage to get their RV - the mobile meth lab - pulled out of the ditch but face another problem when they realize that Krazy-8, one of their attackers, is still breathing. They face grim choices and losing the coin toss, Walt is the one who has to get rid of him while Jesse will have to get rid of the dead Emilio's body. Walt's wife Skyler is puzzled by her husband's strange behavior and begins snooping, starting with his laptop. Demanding to know what is going on, Walt tells her her Jesse sells him marijuana. She confronts Jesse - just as he is removing Emilio's body from the RV. The day gets worse when Jesse ignores Walt's very specific instructions on how to get rid of the body.","[' Crime', ' Drama', ' Thriller']","['Bryan Cranston', 'Anna Gunn', 'Aaron Paul', 'Dean Norris', 'Betsy Brandt', 'RJ Mitte', 'Max Arciniega', 'John Koyama', 'Shane Marinson', 'Jason Byrd', 'Anthony Wamego', 'Larry Fine', 'Moe Howard', 'Shemp Howard']","['Walter White', 'Skyler White', 'Jesse Pinkman', 'Hank Schrader', 'Marie Schrader', 'Walter White, Jr.', 'Krazy-8', 'Emilio Koyama', 'Ob-Gyn', 'Ben', 'Backhoe Operator', 'Larry', 'Moe', 'Shemp']"
2,...And the Bag's in the River,Adam Bernstein,8.8,Episode aired 10 February 2008,Season 1,Episode 3,"Jesse and Walt clean up the mess caused by Jesse's chosen method to get rid of Emilio's body. Walt still has has the dilemma of what to do with Krazy 8 who is still chained in the basement and seemingly getting better. He draws up a list of the pros and cons of killing him but actually ends up developing a rapport with him and tells him of his lung cancer. He soon realizes exactly what Krazy 8 is up to. Jess is smoking more meth than he's selling. Walt's wife Skyler is concerned that his admitted marijuana use is the cause of his recent personality change. She broaches the subject with her sister who jumps to the conclusion that it's Walt Jr. who is on grass and she gets her husband Hank, a DEA agent, to have a chat with the young man.","[' Crime', ' Drama', ' Thriller']","['Bryan Cranston', 'Anna Gunn', 'Aaron Paul', 'Dean Norris', 'Betsy Brandt', 'RJ Mitte', 'Max Arciniega', 'Jessica Hecht', 'Steven Michael Quezada', 'Carmen Serano', 'Anna Felix', 'Julia Minesci', 'Daniel Serrano']","['Walter White', 'Skyler White', 'Jesse Pinkman', 'Hank Schrader', 'Marie Schrader', 'Walter White, Jr.', 'Krazy-8', 'Gretchen Schwartz', 'Steven Gomez', 'Carmen Molina', 'Sales Girl', 'Wendy', 'Meth Drug Dealer']"
3,Cancer Man,Jim McKay,8.3,Episode aired 17 February 2008,Season 1,Episode 4,"At a briefing, Hank presents his theory that Albuquerque has a new kingpin. At a barbecue, Skyler breaks down and Walter reveals to Hank, Marie and Walter, Jr. that he has cancer. Walter, Jr. doesn't respond well. The hole in Jesse's ceiling raises some questions. The meth is also making Jesse extremely paranoid. Skyler makes Walter go see a top oncologist. The doctor says it is possible to cure Walter, but it will be expensive. Walter does not want to risk leaving Skyler in debt. When Walter tries parking his car outside MESA, a narcissistic yuppie in his shiny, expensive, convertible BMW with the vanity plate ""KEN WINS"" cuts into a just-vacated square Walter was waiting for to park into. Ken's just messed with the wrong man.","[' Crime', ' Drama', ' Thriller']","['Bryan Cranston', 'Anna Gunn', 'Aaron Paul', 'Dean Norris', 'Betsy Brandt', 'RJ Mitte', 'Tess Harper', 'Steven Michael Quezada', 'Michael Bofshever', 'Kyle Bornheimer', 'Benjamin Petry', 'David House', 'Jon Kristian Moore', 'Tish Rayburn-Miller', 'Charles Baker']","['Walter White', 'Skyler White', 'Jesse Pinkman', 'Hank Schrader', 'Marie Schrader', 'Walter White, Jr.', 'Mrs. Pinkman', 'Steven Gomez', 'Mr. Pinkman', 'Ken Wins', 'Jake Pinkman', 'Dr. Delcavoli', 'DEA Agent', 'Bank Teller', 'Skinny Pete']"
4,Gray Matter,Tricia Brock,8.4,Episode aired 24 February 2008,Season 1,Episode 5,"Jesse tries to get a regular job and put his drug dealing behind him but he finds that there are few opportunities for someone with his education and experience. Jesse tries to cook a new batch of meth but can't come anywhere near Walt's standard. After attending a birthday party at a now very rich friend's house, Walt reconnects with his one-time business partner Elliott who offers him a job. It turns out Skyler told Elliott about his condition and Walt is not very pleased. Walt Jr. tries to get someone to buy him a six-pack but is busted in the process. He calls his uncle Hank to pick him up and Hank learns from Skyler that it's Walt senior who admitted smoking marijuana. Finding his behavior bizarre, the family sets up a intervention where they all get to tell Walt what they think about the situation.","[' Crime', ' Drama', ' Thriller']","['Bryan Cranston', 'Anna Gunn', 'Aaron Paul', 'Dean Norris', 'Betsy Brandt', 'RJ Mitte', 'Adam Godley', 'Jessica Hecht', 'Matt Jones', 'William Sterchi', 'Marc Mouchet', 'Kiira Arai', 'Bill Allen', 'Loren Haynes', 'Kyle Swimmer']","['Walter White', 'Skyler White', 'Jesse Pinkman', 'Hank Schrader', 'Marie Schrader', 'Walter White, Jr.', 'Elliott Schwartz', 'Gretchen Schwartz', 'Badger', 'Manager', 'Farley', 'Server', 'Scientist', 'Music Producer', 'Louis']"
5,Crazy Handful of Nothin',Bronwen Hughes,9.3,Episode aired 2 March 2008,Season 1,Episode 6,"Walt begins his chemotherapy and returns to cooking crystal meth with Jesse. Soon Jesse is selling their superior product on the street but he only manages to sell an ounce making each of them only $1300. Walt pushes him to be more imaginative and find a distributor to whom they can sell in bulk. Against his better judgment, Jesse approaches Krazy 8's replacement as a drug wholesaler, a big time operator named Tuco who doesn't quite do business the way he had expected. It's left to Walt to sort it all out, telling Tuco his name is Heisenberg. Walt's having a hard time dealing with his chemo and is frequently ill. DEA agent Hank traces the gas mask they found in the desert to Walt's high school and makes an arrest.","[' Crime', ' Drama', ' Thriller']","['Bryan Cranston', 'Anna Gunn', 'Aaron Paul', 'Dean Norris', 'Betsy Brandt', 'RJ Mitte', 'Raymond Cruz', 'Steven Michael Quezada', 'Carmen Serano', 'Pierre Barrera', 'Charles Baker', 'Jesus Jr.', 'Cesar Garcia', 'Vivian Nesbitt', 'Judith Rane']","['Walter White', 'Skyler White', 'Jesse Pinkman', 'Hank Schrader', 'Marie Schrader', 'Walter White, Jr.', 'Tuco Salamanca', 'Steven Gomez', 'Carmen Molina', 'Hugo Archuleta', 'Skinny Pete', 'No-Doze', 'Gonzo', 'Mrs. Pope', 'Office Manager']"
6,A No-Rough-Stuff-Type Deal,Tim Hunter,8.9,Episode aired 9 March 2008,Season 1,Episode 7,"Having made a deal with Tuco to provide him with two pounds of crystal meth the following week, Walt learns from Jesse that they may have problems getting a key ingredient. Enjoying his new Heisenberg persona, Walt delivers only half a pound to Tuco but demands the entire amount of cash with the promise that he'll deliver four pounds the following week. Jesse reels, but Walt has a plan. They will have to break into a pharmaceutical supply warehouse however. Skyler's sister Marie throws a baby shower for her and her gift is a baby's tiara. Deciding that it's too extravagant, Skyler tries to return it to the store with surprising results.","[' Crime', ' Drama', ' Thriller']","['Bryan Cranston', 'Anna Gunn', 'Aaron Paul', 'Dean Norris', 'Betsy Brandt', 'RJ Mitte', 'Raymond Cruz', 'Carmen Serano', 'Beth Bailey', 'Geoffrey Rivas', 'David House', 'Cesar Garcia', 'Jesus Jr.', 'Mike Miller', 'Lorri Oliver']","['Walter White', 'Skyler White', 'Jesse Pinkman', 'Hank Schrader', 'Marie Schrader', 'Walter White, Jr.', 'Tuco Salamanca', 'Carmen Molina', 'Realtor', 'Police Officer', 'Dr. Delcavoli', 'Gonzo', 'No-Doze', 'Jewelry Store Owner', 'Concerned Parent']"
7,Seven Thirty-Seven,Bryan Cranston,8.7,Episode aired 8 March 2009,Season 2,Episode 1,"Having completed their deal with Tuco in the junkyard, Walt and Jesse realize just how crazy and violent he can be. Jesse is convinced that he's seen Tuco's black SUV going up and down his street. Walt puts it down to paranoia - until he sees a black SUV parked just down the block from his house. Jesse's solution is to shoot Tuco before he kills them but Walt has a better idea. Panic sets in however when they think Tuco is killing his associates. Hank reviews the security surveillance footage of the warehouse break-in without realizing it's Walt and Jesse. Skyler tells Hank about Marie's shoplifting and gets a surprising reaction.","[' Crime', ' Drama', ' Thriller']","['Bryan Cranston', 'Anna Gunn', 'Aaron Paul', 'Dean Norris', 'Betsy Brandt', 'RJ Mitte', 'Raymond Cruz', 'Steven Michael Quezada', 'Jesus Jr.', 'Cesar Garcia', 'Isaac Kappy', 'Ryan Lee', 'Vic Browder']","['Walter White', 'Skyler White', 'Jesse Pinkman', 'Hank Schrader', 'Marie Schrader', 'Walter White, Jr.', 'Tuco Salamanca', 'Steven Gomez', 'Gonzo', 'No-Doze', 'Rowdy Prisoner', 'Neighborhood Kid', 'Detective']"
8,Grilled,Charles Haid,9.3,Episode aired 15 March 2009,Season 2,Episode 2,"Having been kidnapped by a crazed Tuco, Walt and Jesse are held prisoner by him in a desert shack where he often hides out and takes care of his sick uncle. Walt's brother-in-law Hank and the DEA have rolled Tuco's entire organization and he thinks that his two prisoners may have been a source of information. Walt tries to feed Tuco the poison he prepared. Walter Jr. meanwhile takes a bit of time off to look for Walt. Skyler is sick with worry and has been distributing handbills with Walt's photo. He remembers that Jesse Pinkman was Walt's source of marijuana and tries to track him down. Tuco finally realizes that his prisoners are up to something and is obviously going to kill Jesse. After a fight in which Tuco is shot, Hank shows up looking for Jesse.","[' Crime', ' Drama', ' Thriller']","['Bryan Cranston', 'Anna Gunn', 'Aaron Paul', 'Dean Norris', 'Betsy Brandt', 'RJ Mitte', 'Raymond Cruz', 'Tess Harper', 'Mark Margolis', 'Steven Michael Quezada', 'Nigel Gibbs', 'Dana Cortez']","['Walter White', 'Skyler White', 'Jesse Pinkman', 'Hank Schrader', 'Marie Schrader', 'Walter White, Jr.', 'Tuco Salamanca', 'Mrs. Pinkman', 'Tio Salamanca', 'Steven Gomez', 'APD Detective Tim Roberts', 'TV Reporter']"
9,Bit by a Dead Bee,Terry McDonough,8.4,Episode aired 22 March 2009,Season 2,Episode 3,"Having gotten away from Tuco, Walt and Jesse now have to get home and explain where they have been. Walt has a plan and they split up. He goes to a supermarket and takes off all of his clothes while walking around the aisles. He's hospitalized and claims to have no memory of where he's been for the last few days. Jesse returns to his house to clean out the basement and get rid of the RV. When the DEA also track him down, he claims that he's been shacked up with a prostitute for the weekend. The police don't believe him and think they know how to nail him: they bring in Tuco's uncle to identify him. With some of his problems now behind him, Walt is keen to start cooking again.","[' Crime', ' Drama', ' Thriller']","['Bryan Cranston', 'Anna Gunn', 'Aaron Paul', 'Dean Norris', 'Betsy Brandt', 'RJ Mitte', 'Mark Margolis', 'Harry Groener', 'Michael Shamus Wiles', 'Matt Jones', 'Tom Kiesche', 'Steven Michael Quezada', 'David House', 'Julia Minesci', 'Todd Terry']","['Walter White', 'Skyler White', 'Jesse Pinkman', 'Hank Schrader', 'Marie Schrader', 'Walter White, Jr.', 'Tio Salamanca', 'Dr. Chavez', 'ASAC George Merkert', 'Badger', 'Clovis', 'Steven Gomez', 'Dr. Delcavoli', 'Wendy', 'SAC']"
10,Down,John Dahl,8.3,Episode aired 29 March 2009,Season 2,Episode 4,"Walt and Jesse appear to be in the clear but Jesse has no money and Walt can't leave the room without Skyler wondering where he is. Jesse's parents are still fed up with him and his drug use so they order him out of the house - it turns out they own it, not Jesse. He finds himself not only without a place to stay but with few friends who will put him up for the night. He ends up tracking down his RV and spends the night. Walt's overly correct behavior sets Skyler of on a binge of not telling him anything about what she's up to or who she's seeing. She's fed up with Walt's behavior and wants to know what is really going on.","[' Crime', ' Drama', ' Thriller']","['Bryan Cranston', 'Anna Gunn', 'Aaron Paul', 'Dean Norris', 'Betsy Brandt', 'RJ Mitte', 'Tess Harper', 'Michael Bofshever', 'Dan Desmond', 'Tom Kiesche', 'Drew Waters', 'Shauna McLean', 'Liam Ruggles', 'Caleb Landry Jones', 'Argos MacCallum']","['Walter White', 'Skyler White', 'Jesse Pinkman', 'Hank Schrader', 'Marie Schrader', 'Walter White, Jr.', 'Mrs. Pinkman', 'Mr. Pinkman', 'Mr. Gardiner', 'Clovis', 'Paul Tyree', 'Sara Tyree', 'Henry Tyree', 'Louis', 'Wino']"
11,Breakage,Johan Renck,8.4,Episode aired 5 April 2009,Season 2,Episode 5,"Walt continues his treatment and is starting to feel better but is concerned at the growing medical bills. Jesse begins to re-establish himself paying off his debts and getting a new place to live. He's interested in the renter however, Jane Margolis, who lives next door. Walt and Jesse soon rev up the RV and are cooking again. Jesse's not keen on selling the stuff on the street and suggests he and Walt take over Tuco's role as a distributor. Hank and the DEA have come across the name Heisenberg and aren't sure if he's real or just an urban legend. Hank is promoted and soon appointed to a tri-State drug task force. He may have health issues of his own however.","[' Crime', ' Drama', ' Thriller']","['Bryan Cranston', 'Anna Gunn', 'Aaron Paul', 'Dean Norris', 'Betsy Brandt', 'RJ Mitte', 'Krysten Ritter', 'Matt Jones', 'Steven Michael Quezada', 'Michael Shamus Wiles', 'Dale Dickey', 'David Ury', 'Tom Kiesche', 'Charles Baker', 'Rodney Rush']","['Walter White', 'Skyler White', 'Jesse Pinkman', 'Hank Schrader', 'Marie Schrader', 'Walter White, Jr.', 'Jane Margolis', 'Badger', 'Steven Gomez', 'ASAC George Merkert', ""Spooge's Woman"", 'Spooge', 'Clovis', 'Skinny Pete', 'Combo']"
12,Peekaboo,Peter Medak,8.9,Episode aired 12 April 2009,Season 2,Episode 6,"Skinny Pete has been ripped off by a drug addicted couple and Walt has made it plain to Jesse that unless he does something about it, word will get around pretty quick that they are an easy mark. Jesse isn't a very effective informer however and is quickly in over his head. Walt goes back to work but not all is going smoothly. Walt's story starts to unravel when Skyler gets a call from Gretchen Schwartz and she thanks her for paying for Walt's treatment. Gretchen doesn't give him away but his bitterness at their past relationship - personal and business - comes out.","[' Crime', ' Drama', ' Thriller']","['Bryan Cranston', 'Anna Gunn', 'Aaron Paul', 'Dean Norris', 'Betsy Brandt', 'RJ Mitte', 'Jessica Hecht', 'Dale Dickey', 'David Ury', 'Carmen Serano', 'Charles Baker', 'Dylan Carr', 'Brandon Carr', 'Cocoa Brown', 'Andrew Lutheran']","['Walter White', 'Skyler White', 'Jesse Pinkman', 'Hank Schrader', 'Marie Schrader', 'Walter White, Jr.', 'Gretchen Schwartz', ""Spooge's Woman"", 'Spooge', 'Carmen Molina', 'Skinny Pete', 'Young Boy', 'Young Boy', 'Mail Lady', 'Jeffrey']"
13,Negro Y Azul,Félix Enríquez Alcalá,8.7,Episode aired 19 April 2009,Season 2,Episode 7,Walt's been having trouble getting in touch with Jesse who's been avoiding him since his encounter with Spooge. He's also not providing product to his dealers so Walt arranges to deliver it. He learns that Jesse's reputation as a killer has spread and they're having no problem at all collecting payment. Walt decides the time has come to expand their territory and put Jesse's new reputation to good use. Skyler decides to get a job and goes back to her old employer. Hank starts his new job on the task force. He's told his wife Marie it's just a desk job but he's on the front lines and very soon learns just how dangerous it can be.,"[' Crime', ' Drama', ' Thriller']","['Bryan Cranston', 'Anna Gunn', 'Aaron Paul', 'Dean Norris', 'Betsy Brandt', 'RJ Mitte', 'Danny Trejo', 'Krysten Ritter', 'Matt Jones', 'Christopher Cousins', 'Charles Baker', 'Rodney Rush', 'J.D. Garfield', 'Todd Terry', 'Rio Alexander']","['Walter White', 'Skyler White', 'Jesse Pinkman', 'Hank Schrader', 'Marie Schrader', 'Walter White, Jr.', 'Tortuga', 'Jane Margolis', 'Badger', 'Ted Beneke', 'Skinny Pete', 'Combo', 'DEA Agent Vanco', 'SAC Ramey', 'Federale']"
14,Better Call Saul,Terry McDonough,9.2,Episode aired 26 April 2009,Season 2,Episode 8,"Walt and Jesse have yet another problem to deal with when one of their dealers, Jesse's friend Badger, is arrested by the Albuquerque police. They end up hiring a shady lawyer, Saul Goodman, who has a unique way of ensuring that Badger gets off with a light sentence without having to give away Jesse or Walt's identity. As Walt learns however, it may come at a very high price. Walt's brother-in-law Hank, the DEA Agent, is suffering from post-traumatic stress following the shooting in Juarez. He puts on a brave face but is having trouble just getting out of bed in the morning. Walt has some suggestions for him.","[' Crime', ' Drama', ' Thriller']","['Bryan Cranston', 'Anna Gunn', 'Aaron Paul', 'Dean Norris', 'Betsy Brandt', 'RJ Mitte', 'Bob Odenkirk', 'DJ Qualls', 'Krysten Ritter', 'Matt Jones', 'Steven Michael Quezada', 'Tina Parker', 'Jimmy Daniels', 'Shenoah Allen', 'Drew Pollock']","['Walter White', 'Skyler White', 'Jesse Pinkman', 'Hank Schrader', 'Marie Schrader', 'Walter White, Jr.', 'Saul Goodman', 'Getz', 'Jane Margolis', 'Badger', 'Steven Gomez', 'Francesca', ""Jimmy in-'N-Out /"", 'Schlubby Guy #1', 'Schlubby Guy #2']"
15,4 Days Out,Michelle MacLaren,9.1,Episode aired 3 May 2009,Season 2,Episode 9,"Walt is convinced that his medical condition is deteriorating. He continues to have coughing fits and is now coughing up blood. After his attorney and new business partner crunches the numbers, he realizes that there isn't much money left for his family. He and Jesse set off for the desert for a marathon cooking session over an extended weekend. Jesse just continues to put his foot in it, this time by leaving the keys in the ignition and inadvertently draining the battery. They find themselves in the middle of the desert, cold and without much water. Walt's knowledge of chemistry again saves the day.","[' Crime', ' Drama', ' Thriller']","['Bryan Cranston', 'Anna Gunn', 'Aaron Paul', 'Dean Norris', 'Betsy Brandt', 'RJ Mitte', 'Bob Odenkirk', 'Krysten Ritter', 'David House', 'Jeff Fenter', 'Marcus M. Mauldin']","['Walter White', 'Skyler White', 'Jesse Pinkman', 'Hank Schrader', 'Marie Schrader', 'Walter White, Jr.', 'Saul Goodman', 'Jane Margolis', 'Dr. Delcavoli', 'Urinal Guy', 'Technician']"
16,Over,Phil Abraham,8.6,Episode aired 10 May 2009,Season 2,Episode 10,"Despite the good news about his condition, Walt is feeling out of sorts and is generally unhappy, verging on anger. Skyler decides to throw a party to celebrate the news and thank all of their friends for their support, but Walt gets drunk and then into an argument with Hank that puts a damper on things. He's embarrassed about his behavior and tries to make amends all around but it's proving to be a challenge. He tries to channel his energies but eventually realizes what the problem is. Walt also tells Jesse the good news and tells him that he is finished with their little enterprise. Jesse's relationship with Jane continues to grow but he's taken aback when her father drops in to see her and she doesn't introduce him as her boyfriend. The ensuing confrontation clarifies their relationship.","[' Crime', ' Drama', ' Thriller']","['Bryan Cranston', 'Anna Gunn', 'Aaron Paul', 'Dean Norris', 'Betsy Brandt', 'RJ Mitte', 'Krysten Ritter', 'Christopher Cousins', 'John de Lancie', 'Steven Michael Quezada', 'Carmen Serano', 'Carl Savering', 'Shannon McCormick', 'Ka Beesler']","['Walter White', 'Skyler White', 'Jesse Pinkman', 'Hank Schrader', 'Marie Schrader', 'Walter White, Jr.', 'Jane Margolis', 'Ted Beneke', 'Donald Margolis', 'Steven Gomez', 'Carmen Molina', 'Bob', 'Tweaky Dude', 'Thug Buddy']"
17,Mandala,Adam Bernstein,8.9,Episode aired 17 May 2009,Season 2,Episode 11,"With the rapid improvement in his medical condition, Walt's doctors now recommend surgery as the final step to making him cancer free. It will all cost $170,000 however. Walt and Jesse have another problem when one of their dealers is shot on the street and Jesse believes someone is trying to take over. With only Skinny left as a dealer, Jesse and Walt have to find a solution to selling their product. Their lawyer-partner, Saul Goodman, suggests they get someone more experienced in the trade to help them out with the large quantities they have on hand. Jesse finally tells Jane, a recovering drug addict, what he does for a living. Skyler's doctor recommends that she have a C-section and they schedule the birth for the following week. At work however, she discovers her boss has been fiddling with the accounts.","[' Crime', ' Drama', ' Thriller']","['Bryan Cranston', 'Anna Gunn', 'Aaron Paul', 'Dean Norris', 'Betsy Brandt', 'RJ Mitte', 'Bob Odenkirk', 'Giancarlo Esposito', 'Krysten Ritter', 'Christopher Cousins', 'Sam McMurray', 'Charles Baker', 'Rodney Rush', 'David House', 'Angelo Martinez']","['Walter White', 'Skyler White', 'Jesse Pinkman', 'Hank Schrader', 'Marie Schrader', 'Walter White, Jr.', 'Saul Goodman', ""Gustavo 'Gus' Fring"", 'Jane Margolis', 'Ted Beneke', 'Dr. Victor Bravenec', 'Skinny Pete', 'Combo', 'Dr. Delcavoli', 'Boy']"
18,Phoenix,Colin Bucksey,9.3,Episode aired 24 May 2009,Season 2,Episode 12,"Just as Skyler goes into labor, Walt has to deliver his 38 lbs. of meth to the wholesaler who has agreed to buy the lot for $1.2 million. Jesse and his girlfriend are now both doing heroin and when Walt races to Jesse's house to collect their stuff, he's stoned out of his mind. When Jesse wakes up the next morning, he has no recollection that Walt had been there the night before to get their stuff and freaks out thinking he's been robbed. Walt lets him stew for the day. Jane's father learns that she and Jesse are back on drugs and insists that she return to rehab or he will call the police. She agrees but Jesse has told her about his windfall and she knows exactly what to do. Walt's biggest problem is that he has all of this money but can't spend it because everyone thinks he's on the verge of bankruptcy. Walter Jr may have provided him with the solution.","[' Crime', ' Drama', ' Thriller']","['Bryan Cranston', 'Anna Gunn', 'Aaron Paul', 'Dean Norris', 'Betsy Brandt', 'RJ Mitte', 'Bob Odenkirk', 'Krysten Ritter', 'Christopher Cousins', 'John de Lancie', 'Tomas Potts', 'Cyd Schulte', 'Tony Whitecrow', 'Wendy Scott', 'Erik J. Bockemeier']","['Walter White', 'Skyler White', 'Jesse Pinkman', 'Hank Schrader', 'Marie Schrader', 'Walter White, Jr.', 'Saul Goodman', 'Jane Margolis', 'Ted Beneke', 'Donald Margolis', 'Tattooed Biker', 'Tattooed Woman', 'Addict', 'Nurse', 'NA Sponsor']"
19,ABQ,Adam Bernstein,9.3,Episode aired 31 May 2009,Season 2,Episode 13,"Walt's operation is all set to go forward but under sedation, he tells Skyler something that she did not want to hear. As a result, all of his lies - getting money from the Schwartz's, visiting his mother for four days, having a second cell phone - unravel before him. Once recovered from his operation, Skyler tells him to leave. At the DEA, Hank is convinced that Heisenberg is still on the loose but has become much more sophisticated in the way he is distributing his now infamous blue meth. A chance encounter reveals to someone Walt's connection to Hank. Jesse learns the true cost of his drug habit when girlfriend Jane overdoses. Her distraught father returns to work too soon and the result is a tragic, massive accident.","[' Crime', ' Drama', ' Thriller']","['Bryan Cranston', 'Anna Gunn', 'Aaron Paul', 'Dean Norris', 'Betsy Brandt', 'RJ Mitte', 'Jonathan Banks', 'Giancarlo Esposito', 'Krysten Ritter', 'John de Lancie', 'Steven Michael Quezada', 'Sam McMurray', 'Michael Shamus Wiles', 'David House', 'Phil Howell']","['Walter White', 'Skyler White', 'Jesse Pinkman', 'Hank Schrader', 'Marie Schrader', 'Walter White, Jr.', 'Mike Ehrmantraut', ""Gustavo 'Gus' Fring"", 'Jane Margolis', 'Donald Margolis', 'Steven Gomez', 'Dr. Victor Bravenec', 'ASAC George Merkert', 'Dr. Delcavoli', 'O.M.I. Attendant']"
20,No Más,Bryan Cranston,8.6,Episode aired 21 March 2010,Season 3,Episode 1,"As Walt copes with the aftermath of the plane crash and Skyler's anger, Jesse comes to a new realization about himself. A new adversary tracks the elusive Heisenberg, Walter White's kingpin alter ego. Skyler seeks advice on the state of her marriage and confronts Walt.","[' Crime', ' Drama', ' Thriller']","['Bryan Cranston', 'Anna Gunn', 'Aaron Paul', 'Dean Norris', 'Betsy Brandt', 'RJ Mitte', 'Giancarlo Esposito', 'John de Lancie', 'Jere Burns', 'Julie Dretzin', 'Carmen Serano', 'Luis Moncada', 'Daniel Moncada', 'Jonathan Ragsdale', 'Taylor Dearden']","['Walter White', 'Skyler White', 'Jesse Pinkman', 'Hank Schrader', 'Marie Schrader', 'Walter White, Jr.', ""Gustavo 'Gus' Fring"", 'Donald Margolis', 'Group Leader', 'Pamela', 'Carmen Molina', 'Marco Salamanca', 'Leonel Salamanca', 'Barry', 'Sad Faced Girl']"
21,Caballo sin Nombre,Adam Bernstein,8.7,Episode aired 28 March 2010,Season 3,Episode 2,"Walt tries to reconcile with Skyler, but when his advances are rejected he takes drastic action to bring his family back together. A confused and angry Walter, Jr. lashes out at his mother. With the help of Saul, Jesse makes a significant investment.","[' Crime', ' Drama', ' Thriller']","['Bryan Cranston', 'Anna Gunn', 'Aaron Paul', 'Dean Norris', 'Betsy Brandt', 'RJ Mitte', 'Giancarlo Esposito', 'Bob Odenkirk', 'Jonathan Banks', 'Tess Harper', 'Mark Margolis', 'Christopher Cousins', 'Steven Michael Quezada', 'Michael Bofshever', 'Dan Desmond']","['Walter White', 'Skyler White', 'Jesse Pinkman', 'Hank Schrader', 'Marie Schrader', 'Walter White, Jr.', ""Gustavo 'Gus' Fring"", 'Saul Goodman', 'Mike Ehrmantraut', 'Mrs. Pinkman', 'Tio Salamanca', 'Ted Beneke', 'Steven Gomez', 'Mr. Pinkman', 'Mr. Gardiner']"
22,I.F.T.,Michelle MacLaren,8.5,Episode aired 4 April 2010,Season 3,Episode 3,"Walt moves into the house and tells Skyler he has no intention of leaving. She won't hear of it but Walter Jr. is thrilled that his Dad is back. It doesn't stop her from calling the police however in an attempt to have him thrown out. She also decides to pursue her own interests. Jesse is still having trouble coming to terms with his girlfriend's death but has moved back into his house and seems ready to get down to work. Unbeknown to Walter, Gus has arranged a meeting with his Mexican cartel counterparts and makes it clear that he wants him left alone, at least for now. Hank is still stressed and lashes out in a bar.","[' Crime', ' Drama', ' Thriller']","['Bryan Cranston', 'Anna Gunn', 'Aaron Paul', 'Dean Norris', 'Betsy Brandt', 'RJ Mitte', 'Bob Odenkirk', 'Giancarlo Esposito', 'Jonathan Banks', 'Danny Trejo', 'Mark Margolis', 'Christopher Cousins', 'Julie Dretzin', 'Javier Grajeda', 'Steven Michael Quezada']","['Walter White', 'Skyler White', 'Jesse Pinkman', 'Hank Schrader', 'Marie Schrader', 'Walter White, Jr.', 'Saul Goodman', ""Gustavo 'Gus' Fring"", 'Mike Ehrmantraut', 'Tortuga', 'Tio Salamanca', 'Ted Beneke', 'Pamela', 'Juan Bolsa', 'Steven Gomez']"
23,Green Light,Scott Winant,8.3,Episode aired 11 April 2010,Season 3,Episode 4,"Walt loses control as he reacts to Skyler's admission, endangering his job and his relationships with Saul and Jesse. Meanwhile, Hank believes he finally has a strong lead on his investigation into Heisenberg's blue meth as an empowered Jesse adopts a new attitude.","[' Crime', ' Drama', ' Thriller']","['Bryan Cranston', 'Anna Gunn', 'Aaron Paul', 'Dean Norris', 'Betsy Brandt', 'RJ Mitte', 'Bob Odenkirk', 'Giancarlo Esposito', 'Jonathan Banks', 'Christopher Cousins', 'Steven Michael Quezada', 'Carmen Serano', 'Michael Shamus Wiles', 'Jolene Purdy', 'Jeremiah Bitsui']","['Walter White', 'Skyler White', 'Jesse Pinkman', 'Hank Schrader', 'Marie Schrader', 'Walter White, Jr.', 'Saul Goodman', ""Gustavo 'Gus' Fring"", 'Mike Ehrmantraut', 'Ted Beneke', 'Steven Gomez', 'Carmen Molina', 'ASAC George Merkert', 'Cara', 'Victor']"
24,Más,Johan Renck,8.7,Episode aired 18 April 2010,Season 3,Episode 5,"Gus increases his efforts to lure Walt back into business, forcing a rift between Walt and Jesse. Skyler doubts her new relationship. Marie confides in Skyler about her concerns over Hank's well-being after Hank's actions tangibly affect his career prospects.","[' Crime', ' Drama', ' Thriller']","['Bryan Cranston', 'Anna Gunn', 'Aaron Paul', 'Dean Norris', 'Betsy Brandt', 'RJ Mitte', 'Bob Odenkirk', 'Giancarlo Esposito', 'Christopher Cousins', 'Steven Michael Quezada', 'Julie Dretzin', 'Carole Gutierrez', 'Charles Baker', 'Rodney Rush', 'Mary Sue Evans']","['Walter White', 'Skyler White', 'Jesse Pinkman', 'Hank Schrader', 'Marie Schrader', 'Walter White, Jr.', 'Saul Goodman', ""Gustavo 'Gus' Fring"", 'Ted Beneke', 'Steven Gomez', 'Pamela', 'Mrs. Ortega', 'Skinny Pete', 'Combo', 'Janice']"
25,Sunset,John Shiban,9.3,Episode aired 25 April 2010,Season 3,Episode 6,"Now that Walt has signed the divorce papers, Skyler tries to speak to him about how they'll approach the subject with Walt Jr. Walt starts working in his new lab and meets his new lab assistant. The Mexican Cousins are back, but all they seem to do is sit in Gus' restaurant, not ordering anything but certainly getting the staff on edge. Hank's investigation into the RV now gives him a connection to Jesse. Who better to call for information than Jesse's one time teacher and marijuana customer Walt? When Jesse hears that Walt is trying to get rid of the RV, he leads Hank right to them.","[' Crime', ' Drama', ' Thriller']","['Bryan Cranston', 'Anna Gunn', 'Aaron Paul', 'Dean Norris', 'Betsy Brandt', 'RJ Mitte', 'Bob Odenkirk', 'Giancarlo Esposito', 'David Costabile', 'Michael Shamus Wiles', 'Matt Jones', 'Tom Kiesche', 'Larry Hankin', 'Luis Moncada', 'Daniel Moncada']","['Walter White', 'Skyler White', 'Jesse Pinkman', 'Hank Schrader', 'Marie Schrader', 'Walter White, Jr.', 'Saul Goodman', ""Gustavo 'Gus' Fring"", 'Gale Boetticher', 'ASAC George Merkert', 'Badger', 'Clovis', 'Old Joe', 'Marco Salamanca', 'Leonel Salamanca']"
26,One Minute,Michelle MacLaren,9.6,Episode aired 2 May 2010,Season 3,Episode 7,"Hank, outraged over having been tricked into thinking that his wife has been in a horrible accident, goes after Jesse and gives him a severe beating. Jesse has every intention of pressing charges and Hank is suspended. He has other problems however when Gus points the Mexican cousins in his direction. Skyler meanwhile visits Walt in an attempt to help Hank. She wants him to get Jesse to drop the charges but he's not inclined to help out. At work, however, Walt's new assistant messes up their first batch of meth requiring them to start over again. His solution is to get Gus to hire Jesse as his assistant but he says he's not interested.","[' Crime', ' Drama', ' Thriller']","['Bryan Cranston', 'Anna Gunn', 'Aaron Paul', 'Dean Norris', 'Betsy Brandt', 'RJ Mitte', 'Bob Odenkirk', 'Mark Margolis', 'David Costabile', 'Michael Shamus Wiles', 'Nate Mooney', 'Luis Moncada', 'Daniel Moncada', 'Ruben Munoz-Soto', 'Victor Munoz-Soto']","['Walter White', 'Skyler White', 'Jesse Pinkman', 'Hank Schrader', 'Marie Schrader', 'Walter White, Jr.', 'Saul Goodman', 'Tio Salamanca', 'Gale Boetticher', 'ASAC George Merkert', 'Arms Dealer', 'Marco Salamanca', 'Leonel Salamanca', 'Young Marco', 'Young Leonel']"
27,I See You,Colin Bucksey,8.8,Episode aired 9 May 2010,Season 3,Episode 8,"As Jesse is released from hospital, Hank is admitted in critical condition with four gunshot wounds. His wife Marie is not taking it well and lashes out at Hank's boss and partner when she hears that they had taken his gun away, leaving him defenseless. She's also less than happy with Walt whom she blames for getting Hankon Jesse Pinkman's case in the first place. Back at his new underground lab, Walt has to tell Gale that he's no longer required. Spending his free time at the hospital, Jesse is left on his own in the lab and he's growing increasingly worried about meeting their quota. At the hospital, Walt sees the one of the Mexican cousins recovering from his wounds and realizes they were probably after him as well. Gus decides to pay a visit to the hospital.","[' Crime', ' Drama', ' Thriller']","['Bryan Cranston', 'Anna Gunn', 'Aaron Paul', 'Dean Norris', 'Betsy Brandt', 'RJ Mitte', 'Giancarlo Esposito', 'Jonathan Banks', 'David Costabile', 'Steven Michael Quezada', 'Michael Shamus Wiles', 'Javier Grajeda', 'Michael Bryan French', 'Daniel Moncada', 'Charles Baker']","['Walter White', 'Skyler White', 'Jesse Pinkman', 'Hank Schrader', 'Marie Schrader', 'Walter White, Jr.', ""Gustavo 'Gus' Fring"", 'Mike Ehrmantraut', 'Gale Boetticher', 'Steven Gomez', 'ASAC George Merkert', 'Juan Bolsa', 'Doctor', 'Leonel Salamanca', 'Skinny Pete']"
28,Kafkaesque,Michael Slovis,8.5,Episode aired 16 May 2010,Season 3,Episode 9,"Walt and Jesse are now in full production in the new lab and are easily producing the 200 lbs per week of meth, as agreed. In fact, they're producing a few pounds more than required and Jesse can't quite understand why they're just ""giving it away"". He decides to take advantage of the situation. Walt's brother-in-law Hank is still recovering in the hospital and Marie is at a loss about what to do when she learns that their health plan will not necessarily provide the quantity and the quality of physical therapy required for Hank to fully recover the use of his legs. Skyler proposes that she and Walt pay the bills and has an interesting story to tell about how they can afford it. As for Walt, he realizes that his life was in danger and that it was only Gus' intervention that saved him. Walt seeks assurance from Gus that his family's lives would be safe and options for extending the contract beyond 3 months are discussed.","[' Crime', ' Drama', ' Thriller']","['Bryan Cranston', 'Anna Gunn', 'Aaron Paul', 'Dean Norris', 'Betsy Brandt', 'RJ Mitte', 'Bob Odenkirk', 'Giancarlo Esposito', 'Christopher Cousins', 'Steven Michael Quezada', 'Matt Jones', 'Jere Burns', 'Mark Harelik', 'Charles Baker', 'Jeremiah Bitsui']","['Walter White', 'Skyler White', 'Jesse Pinkman', 'Hank Schrader', 'Marie Schrader', 'Walter White, Jr.', 'Saul Goodman', ""Gustavo 'Gus' Fring"", 'Ted Beneke', 'Steven Gomez', 'Badger', 'Group Leader', 'Doctor', 'Skinny Pete', 'Victor']"
29,Fly,Rian Johnson,7.8,Episode aired 23 May 2010,Season 3,Episode 10,"Walt is suffering from insomnia, worried about the choices he has made and the direction his life has taken. Unaware that Jesse has been skimming a bit of their product, he also worried that the numbers in his formulas don't add up and that they always seem to somewhere between 4 and 8 ounces short of what the batch should have produced. The meticulous Walt is also concerned - to the point of paranoia - when he discovers a housefly in the lab. Worried about contamination, he goes to extreme lengths to kill it. Jesse comes to his rescue in an interesting way.","[' Crime', ' Drama', ' Thriller']","['Bryan Cranston', 'Anna Gunn', 'Aaron Paul', 'Dean Norris', 'Betsy Brandt', 'RJ Mitte']","['Walter White', 'Skyler White', 'Jesse Pinkman', 'Hank Schrader', 'Marie Schrader', 'Walter White, Jr.']"
30,Abiquiu,Michelle MacLaren,8.5,Episode aired 30 May 2010,Season 3,Episode 11,"Skyler gets the first of Hank's hospital bills and decides the time has come to get more involved in Walt's business affairs. She's particularly concerned that the money is laundered correctly and that it absolutely cannot be traced back to Walt's illegal activities. Walt introduces her to Saul the lawyer but she thinks the investment he's lined up is ludicrous and has a better idea. Jesse meanwhile is still trying to peddle the meth he been skimming at the lab and fed up with the slow pace, decides to show how it's done. At the hospital, Marie is thrilled at the prospect of Hank returning home but he doesn't seem anywhere near as pleased. Walt's employer, Gus, invites him to dinner and dispenses sage advice.","[' Crime', ' Drama', ' Thriller']","['Bryan Cranston', 'Anna Gunn', 'Aaron Paul', 'Dean Norris', 'Betsy Brandt', 'RJ Mitte', 'Bob Odenkirk', 'Giancarlo Esposito', 'Krysten Ritter', 'Matt Jones', 'Jere Burns', 'Emily Rios', 'Charles Baker', 'Ian Posada', 'Angelo Martinez']","['Walter White', 'Skyler White', 'Jesse Pinkman', 'Hank Schrader', 'Marie Schrader', 'Walter White, Jr.', 'Saul Goodman', ""Gustavo 'Gus' Fring"", 'Jane Margolis', 'Badger', 'Group Leader', 'Andrea Cantillo', 'Skinny Pete', 'Brock Cantillo', 'Tomas']"
31,Half Measures,Adam Bernstein,9.5,Episode aired 6 June 2010,Season 3,Episode 12,"Jess is ready for revenge when he realizes that the drug dealers who killed his friend are not only peddling their blue meth but are using an 11 year-old to do the work. He's prepared to kill them and wants Walt to help him out. Walt refuses but realizing the danger Jess has put himself in takes steps to protect him. Jess's demands that they stop using children leads to unintended and tragic consequences. At home, Walt tries to lay down the law as it pertains to his role in the family but Skyler holds her ground and refuses to give him everything he wants. Hank meanwhile is still reluctant to leave the hospital and go home, even though his doctors have told him he's free to leave at any time. Marie finds an interesting way to get him to agree.","[' Crime', ' Drama', ' Thriller']","['Bryan Cranston', 'Anna Gunn', 'Aaron Paul', 'Dean Norris', 'Betsy Brandt', 'RJ Mitte', 'Bob Odenkirk', 'Giancarlo Esposito', 'Jonathan Banks', 'Emily Rios', 'Jeremiah Bitsui', 'Julia Minesci', 'Ian Posada', 'Angelo Martinez', 'Mike Seal']","['Walter White', 'Skyler White', 'Jesse Pinkman', 'Hank Schrader', 'Marie Schrader', 'Walter White, Jr.', 'Saul Goodman', ""Gustavo 'Gus' Fring"", 'Mike Ehrmantraut', 'Andrea Cantillo', 'Victor', 'Wendy', 'Brock Cantillo', 'Tomas', 'Rival Dealer #1']"
32,Full Measure,Vince Gilligan,9.7,Episode aired 13 June 2010,Season 3,Episode 13,"In the aftermath of killing the drug dealers, Walt has a tense meeting with Gus who makes it quite clear that his patience has reached its limit. Walt professes not to know the whereabouts of Jesse who he claims has fled the State. Gus chooses Walt's new assistant, who turns out to be Gale. Walt knows that as long as he's the only cook available, Gus will have to keep him alive...","[' Crime', ' Drama', ' Thriller']","['Bryan Cranston', 'Anna Gunn', 'Aaron Paul', 'Dean Norris', 'Betsy Brandt', 'RJ Mitte', 'Bob Odenkirk', 'Giancarlo Esposito', 'Jonathan Banks', 'David Costabile', 'Jeremiah Bitsui', 'Louis Herthum', 'Kaija Bales', 'James Ning', 'Tiley Chao']","['Walter White', 'Skyler White', 'Jesse Pinkman', 'Hank Schrader', 'Marie Schrader', 'Walter White, Jr.', 'Saul Goodman', ""Gustavo 'Gus' Fring"", 'Mike Ehrmantraut', 'Gale Boetticher', 'Victor', 'Realtor', 'Kaylee Ehrmantraut', 'Duane Chow', 'Peng']"
33,Box Cutter,Adam Bernstein,9.2,Episode aired 17 July 2011,Season 4,Episode 1,"Jesse takes out the competition, causing a crisis in Gus's multi-million-dollar basement lab. Mike holds Walter and Jesse hostage and Victor shows off his cooking skills as they wait for Gus to arrive, change clothes, and render judgment. Meanwhile, Hank's recovery is slow and humiliating; and, Skyler tries to keep Walter Jr. from getting his hopes up. Remorse is in short supply.","[' Crime', ' Drama', ' Thriller']","['Bryan Cranston', 'Anna Gunn', 'Aaron Paul', 'Dean Norris', 'Betsy Brandt', 'RJ Mitte', 'Bob Odenkirk', 'Giancarlo Esposito', 'Jonathan Banks', 'David Costabile', 'Jeremiah Bitsui', 'Lavell Crawford', 'Tina Parker', 'John Lawlor', 'John Barbour']","['Walter White', 'Skyler White', 'Jesse Pinkman', 'Hank Schrader', 'Marie Schrader', 'Walter White, Jr.', 'Saul Goodman', ""Gustavo 'Gus' Fring"", 'Mike Ehrmantraut', 'Gale Boetticher', 'Victor', 'Huell', 'Francesca', 'Locksmith', 'Neighbor']"
34,Thirty-Eight Snub,Michelle MacLaren,8.3,Episode aired 24 July 2011,Season 4,Episode 2,"Shaken by Gus's calm violence, Jesse cokes up; bleary-eyed and jittery, he throws a party. Walter, believing it's kill or be killed, buys a snub-nosed .38 on the black market, intent on shooting Gus and Mike. Skyler looks to launder money at a car wash, and, to Hank's increasing irritation, Marie insists on cheering his every step. Men deliver boxes of minerals and pick up boxes of crystal.","[' Crime', ' Drama', ' Thriller']","['Bryan Cranston', 'Anna Gunn', 'Aaron Paul', 'Dean Norris', 'Betsy Brandt', 'RJ Mitte', 'Bob Odenkirk', 'Giancarlo Esposito', 'Jonathan Banks', 'Jim Beaver', 'Matt Jones', 'Emily Rios', 'Charles Baker', 'Marius Stan', 'Ray Campbell']","['Walter White', 'Skyler White', 'Jesse Pinkman', 'Hank Schrader', 'Marie Schrader', 'Walter White, Jr.', 'Saul Goodman', ""Gustavo 'Gus' Fring"", 'Mike Ehrmantraut', 'Lawson', 'Badger', 'Andrea Cantillo', 'Skinny Pete', 'Bogdan Wolynetz', 'Tyrus Kitt']"
35,Open House,David Slade,8.1,Episode aired 31 July 2011,Season 4,Episode 3,"Skyler finds a way to pressure the car-wash owner into selling, while Marie goes on a series of visits to realtors' open houses. Her antics get her in trouble, and Hank has to pull a few strings. One of his cop friends helps Marie out and, in turn, asks Hank to look at a notebook found at the scene of a murder. Meanwhile, Jesse's round-the-clock open houseparty brings no mirth.","[' Crime', ' Drama', ' Thriller']","['Bryan Cranston', 'Anna Gunn', 'Aaron Paul', 'Dean Norris', 'Betsy Brandt', 'RJ Mitte', 'Bob Odenkirk', 'Giancarlo Esposito', 'Jonathan Banks', 'Nigel Gibbs', 'Jennifer Hasty', 'Bill Burr', 'Jeremy Howard', 'Marius Stan', 'Lavell Crawford']","['Walter White', 'Skyler White', 'Jesse Pinkman', 'Hank Schrader', 'Marie Schrader', 'Walter White, Jr.', 'Saul Goodman', ""Gustavo 'Gus' Fring"", 'Mike Ehrmantraut', 'APD Detective Tim Roberts', 'Stephanie Doswell', 'Kuby', 'Sketchy', 'Bogdan Wolynetz', 'Huell']"
36,Bullet Points,Colin Bucksey,8.7,Episode aired 7 August 2011,Season 4,Episode 4,"Walt and Skyler have decided to use gambling to explain how Walt has made all of his money. It's not to be a happy story and Skyler insists that Walt admit to a gambling addiction and express deep shame for what he has done. At dinner with Marie and Hank Schrader, they tell their rehearsed story. Hank has a story for Walt however, one of a dead wannabee singer who had lab notes describing a super-processing meth lab. Hank is convinced the dead man is Heisenberg, the drug manufacturer he has been looking for for over a year. Walt tries to warn Jesse and is appalled at his living conditions. Jesse couldn't care less and when Mike gets wind of his attitude, Jesse is taken for a ride into the desert.","[' Crime', ' Drama', ' Thriller']","['Bryan Cranston', 'Anna Gunn', 'Aaron Paul', 'Dean Norris', 'Betsy Brandt', 'RJ Mitte', 'Bob Odenkirk', 'Giancarlo Esposito', 'Jonathan Banks', 'David Costabile', 'Jeremy Howard', 'Ray Campbell', 'Frank Andrade', 'Paul Neis', 'Brittany Gustin']","['Walter White', 'Skyler White', 'Jesse Pinkman', 'Hank Schrader', 'Marie Schrader', 'Walter White, Jr.', 'Saul Goodman', ""Gustavo 'Gus' Fring"", 'Mike Ehrmantraut', 'Gale Boetticher', 'Sketchy', 'Tyrus Kitt', 'Tweaker Thief', 'Support Group Leader', 'Morning After Girl']"
37,Shotgun,Michelle MacLaren,8.7,Episode aired 14 August 2011,Season 4,Episode 5,"In his attempt to save Jesse, Walt visits Gus' fast food restaurant but isn't quite prepared for what he learns. Nor is Jesse for that matter. In fact, he proves to be quite useful though not everything is as it seems. Hank is convinced that Gale Boetticher was Heisenberg and tells the local police detective that he really has no further interest in the case. He mentions that Jesse Pinkman could have been involved but is not likely the shooter. Walt and Skyler close the deal on the car wash and take a major step in repairing their relationship but at dinner with Hank and Marie, a slightly drunken Walt says that from what he saw in Gale's notebook, it's obvious he isn't Heisenberg. Hank re-examines the files and finds something quite puzzling.","[' Crime', ' Drama', ' Thriller']","['Bryan Cranston', 'Anna Gunn', 'Aaron Paul', 'Dean Norris', 'Betsy Brandt', 'RJ Mitte', 'Bob Odenkirk', 'Giancarlo Esposito', 'Jonathan Banks', 'Nigel Gibbs', 'Ray Campbell', 'Ashley Kajiki', 'Rutherford Cravens']","['Walter White', 'Skyler White', 'Jesse Pinkman', 'Hank Schrader', 'Marie Schrader', 'Walter White, Jr.', 'Saul Goodman', ""Gustavo 'Gus' Fring"", 'Mike Ehrmantraut', 'APD Detective Tim Roberts', 'Tyrus Kitt', 'Pollos Manager', 'Mortgage Broker']"
38,Cornered,Michael Slovis,8.5,Episode aired 21 August 2011,Season 4,Episode 6,"It's the morning after the night before and Walt has a major hangover. Skyler is now convinced that Walt is in danger but he makes sure she understands exactly how important he is to the criminal organization. He's a little too blunt as Skyler's reaction is to take the baby and disappear for a few days. One of Gus' trucks has been hijacked so Mike and Jesse are tasked to get the blue meth back. Once again, Jesse proves to be unexpectedly useful. In the lab, Walt is fed up with Jesse going off on errands with Mike and so comes up with his own solution to cleaning up. He also learns that his actions may have unintended consequences.","[' Crime', ' Drama', ' Thriller']","['Bryan Cranston', 'Anna Gunn', 'Aaron Paul', 'Dean Norris', 'Betsy Brandt', 'RJ Mitte', 'Bob Odenkirk', 'Giancarlo Esposito', 'Jonathan Banks', 'Maurice Compte', 'Damon Herriman', 'Blake Berris', 'Ray Campbell', 'Marius Stan', 'Jason E. Hill']","['Walter White', 'Skyler White', 'Jesse Pinkman', 'Hank Schrader', 'Marie Schrader', 'Walter White, Jr.', 'Saul Goodman', ""Gustavo 'Gus' Fring"", 'Mike Ehrmantraut', 'Gaff', 'Scary Skell', 'Tucker', 'Tyrus Kitt', 'Bogdan Wolynetz', 'Truck Guard 1']"
39,Problem Dog,Peter Gould,8.9,Episode aired 28 August 2011,Season 4,Episode 7,"The car wash is now in operation but Skyler isn't prepared for the amount of money Walt is bringing in. She also arranges for Walt to return the car he bought Walt Jr. but in the end decides he has other plans for it. Walt still believes his life is in danger as long as Gus is alive and speaks to Saul about how he wants to hire a hit man. He finds someone closer to home. Hank and Walter Jr. visit Gus Fring's chicken restaurant and Hank has something very specific in mind. He's slowly putting the facts together in his quest for Heisenberg. Facing a series of conflicting emotions, Jesse goes back to his group counseling session.","[' Crime', ' Drama', ' Thriller']","['Bryan Cranston', 'Anna Gunn', 'Aaron Paul', 'Dean Norris', 'Betsy Brandt', 'RJ Mitte', 'Bob Odenkirk', 'Giancarlo Esposito', 'Jonathan Banks', 'David Costabile', 'Steven Michael Quezada', 'Jere Burns', 'Michael Shamus Wiles', 'Maurice Compte', 'Fran Martone']","['Walter White', 'Skyler White', 'Jesse Pinkman', 'Hank Schrader', 'Marie Schrader', 'Walter White, Jr.', 'Saul Goodman', ""Gustavo 'Gus' Fring"", 'Mike Ehrmantraut', 'Gale Boetticher', 'Steven Gomez', 'Group Leader', 'ASAC George Merkert', 'Gaff', 'Colleen']"
40,Hermanos,Johan Renck,9.3,Episode aired 4 September 2011,Season 4,Episode 8,"Hank's discovery of Gus Fring's fingerprint in Gale Boetticher's apartment is enough for DEA and Albuquerque PD to bring Gus in for an interview. He seems to have an answer for everything, including why his fingerprint was found at the crime scene. Everyone but Hank seems to be satisfied and they decide not to pursue the matter. Hank isn't so sure. Gus realizes how close he's come to being caught and in flashbacks, his entry into a world of crime and his work with the Mexican drug cartel is revealed. Hank involves Walt in his plan to track Gus' movements putting Walt in a very dangerous situation.","[' Crime', ' Drama', ' Thriller']","['Bryan Cranston', 'Anna Gunn', 'Aaron Paul', 'Dean Norris', 'Betsy Brandt', 'RJ Mitte', 'Bob Odenkirk', 'Giancarlo Esposito', 'Jonathan Banks', 'Mark Margolis', 'Steven Michael Quezada', 'Emily Rios', 'Michael Shamus Wiles', 'Javier Grajeda', 'Nigel Gibbs']","['Walter White', 'Skyler White', 'Jesse Pinkman', 'Hank Schrader', 'Marie Schrader', 'Walter White, Jr.', 'Saul Goodman', ""Gustavo 'Gus' Fring"", 'Mike Ehrmantraut', 'Tio Salamanca', 'Steven Gomez', 'Andrea Cantillo', 'ASAC George Merkert', 'Juan Bolsa', 'APD Detective Tim Roberts']"
41,Bug,Terry McDonough,8.9,Episode aired 11 September 2011,Season 4,Episode 9,"Hank is like a dog with a bone and keeps digging into Gus Fring's business dealings despite Walt's attempts to get him to stop. When Hank learns that Gus has a warehouse operation, Mike and a crew have to get rid of any trace of drugs on the premises. The Cartel however is lying in wait. When Jesse expresses concern over his future well-being Gus asks him over for dinner and asks him one question: can he cook Walt's recipe without Walt's assistance. Skyler meanwhile gets a visit from her old boss who reveals that he's about to undergo an IRS audit. She has to be quick on her her feet if she's to avoid being audited herself.","[' Crime', ' Drama', ' Thriller']","['Bryan Cranston', 'Anna Gunn', 'Aaron Paul', 'Dean Norris', 'Betsy Brandt', 'RJ Mitte', 'Bob Odenkirk', 'Giancarlo Esposito', 'Jonathan Banks', 'Christopher Cousins', 'Maurice Compte', 'Rob Brownstein', 'Ray Campbell', 'Scott Sharot', 'Eric Steinig']","['Walter White', 'Skyler White', 'Jesse Pinkman', 'Hank Schrader', 'Marie Schrader', 'Walter White, Jr.', 'Saul Goodman', ""Gustavo 'Gus' Fring"", 'Mike Ehrmantraut', 'Ted Beneke', 'Gaff', 'CID Special Agent', 'Tyrus Kitt', 'Car Wash Customer', ""Mike's Security Team Member""]"
42,Salud,Michelle MacLaren,9.6,Episode aired 18 September 2011,Season 4,Episode 10,"Jesse, Gus, and Mike fly to Mexico where Jesse will cook a batch of crystal meth for Don Eladio's skeptical team. If Jesse succeeds, then what? Walter is recovering from a beating and misses his son's 16th birthday; Walter Jr. comes to his dad's place to find out what's wrong. Skyler discovers that Ted Beneke is not using an anonymous windfall to repay the IRS; she calls on Ted. By the end, we're back poolside at Don Eladio's villa where they toast each other's health with well-aged tequila.","[' Crime', ' Drama', ' Thriller']","['Bryan Cranston', 'Anna Gunn', 'Aaron Paul', 'Dean Norris', 'Betsy Brandt', 'RJ Mitte', 'Bob Odenkirk', 'Giancarlo Esposito', 'Jonathan Banks', 'Christopher Cousins', 'Maurice Compte', 'Carlo Rota', 'Steven Bauer', 'Ray Campbell', 'Tina Parker']","['Walter White', 'Skyler White', 'Jesse Pinkman', 'Hank Schrader', 'Marie Schrader', 'Walter White, Jr.', 'Saul Goodman', ""Gustavo 'Gus' Fring"", 'Mike Ehrmantraut', 'Ted Beneke', 'Gaff', 'Benicio Fuentes', 'Don Eladio', 'Tyrus Kitt', 'Francesca']"
43,Crawl Space,Scott Winant,9.7,Episode aired 25 September 2011,Season 4,Episode 11,"Hank has Walter drive him to the chicken ranch for regular stakeouts then suggests a detour to check out an industrial laundry. How can Walter get out of this one? Ted refuses to pay the IRS, so Skyler turns to Saul who sends his A team. Although Walter has continued to cook while getting no word on what's happened in Mexico to Jesse, Jesse has had his own six-mile walk with Gus through the desert to the Texas border. When circumstances prevent Walter from cooking for four days, he realizes that someone has been doing the job without him; Gus confirms Walter's suspicions with a nasty set of threats. Now Walter is truly desperate.","[' Crime', ' Drama', ' Thriller']","['Bryan Cranston', 'Anna Gunn', 'Aaron Paul', 'Dean Norris', 'Betsy Brandt', 'RJ Mitte', 'Bob Odenkirk', 'Giancarlo Esposito', 'Jonathan Banks', 'Mark Margolis', 'Christopher Cousins', 'Emily Rios', 'Bill Burr', 'JB Blanc', 'Ray Campbell']","['Walter White', 'Skyler White', 'Jesse Pinkman', 'Hank Schrader', 'Marie Schrader', 'Walter White, Jr.', 'Saul Goodman', ""Gustavo 'Gus' Fring"", 'Mike Ehrmantraut', 'Tio Salamanca', 'Ted Beneke', 'Andrea Cantillo', 'Kuby', 'Dr. Barry Goodman', 'Tyrus Kitt']"
44,End Times,Vince Gilligan,9.5,Episode aired 2 October 2011,Season 4,Episode 12,"With the DEA now aware of the threat against Hank, Skyler and the children move into protective custody. Walt refuses to do so, barricading himself in his house determined to face whatever fate now awaits him. Jesse again refuses to let Gus get rid of Walt, even after the DEA visits the laundry to have a look around. When his girlfriend's son, Brock, falls seriously ill he realizes that the poison Walt had given him is missing. He goes berserk assuming Walt is responsible but Walt has a different explanation for him. With Jesse maintaining a vigil at the hospital and refusing to cook in the lab, Walt has a plan to deal with Gus.","[' Crime', ' Drama', ' Thriller']","['Bryan Cranston', 'Anna Gunn', 'Aaron Paul', 'Dean Norris', 'Betsy Brandt', 'RJ Mitte', 'Bob Odenkirk', 'Giancarlo Esposito', 'Jonathan Banks', 'Steven Michael Quezada', 'Emily Rios', 'Ray Campbell', 'Mike Batayeh', 'Lavell Crawford', 'Tina Parker']","['Walter White', 'Skyler White', 'Jesse Pinkman', 'Hank Schrader', 'Marie Schrader', 'Walter White, Jr.', 'Saul Goodman', ""Gustavo 'Gus' Fring"", 'Mike Ehrmantraut', 'Steven Gomez', 'Andrea Cantillo', 'Tyrus Kitt', 'Dennis Markowski', 'Huell', 'Francesca']"
45,Face Off,Vince Gilligan,9.9,Episode aired 9 October 2011,Season 4,Episode 13,"Having failed to blow up Gus Fring's car, Walt has to come up with a new plan. Unable to find Saul Goodman, he turns to a surprising source to help him out. Jesse meanwhile is taken in for questioning by the police who want to know how and why he told doctors that Brock was poisoned with ricin. Still under DEA protection in his home, Hank learns that former Cartel member Hector Salamanca is at the DEA office but will only speak to Hank. When Hank goes to the office, Salamanca has little of use to say.","[' Crime', ' Drama', ' Thriller']","['Bryan Cranston', 'Anna Gunn', 'Aaron Paul', 'Dean Norris', 'Betsy Brandt', 'RJ Mitte', 'Bob Odenkirk', 'Giancarlo Esposito', 'Jonathan Banks', 'Mark Margolis', 'Steven Michael Quezada', 'Michael Shamus Wiles', 'Ray Campbell', 'Myra Turley', 'Gonzalo Menendez']","['Walter White', 'Skyler White', 'Jesse Pinkman', 'Hank Schrader', 'Marie Schrader', 'Walter White, Jr.', 'Saul Goodman', ""Gustavo 'Gus' Fring"", 'Mike Ehrmantraut', 'Tio Salamanca', 'Steven Gomez', 'ASAC George Merkert', 'Tyrus Kitt', 'Caregiver', 'Detective Kalanchoe']"
46,Live Free or Die,Michael Slovis,9.3,Episode aired 15 July 2012,Season 5,Episode 1,"Flash ahead to Walter's 52nd birthday: he's at a Denny's, disheveled, hair and beard unkempt, using a false name and a New Hampshire driver's license, paying a guy for a car with weapons in the trunk. Back to the immediate aftermath of Gus's death: Skyler is dazed at Walt's murderous success, Walt and Jesse make peace, and Hank visits the burned-out lab. Walt remembers the surveillance cameras Gus used at the lab, so they turn to an angry Mike for help. Can they get rid of the digital evidence in police custody? Is hubris going to trip up Walt?","[' Crime', ' Drama', ' Thriller']","['Bryan Cranston', 'Anna Gunn', 'Aaron Paul', 'Dean Norris', 'Betsy Brandt', 'RJ Mitte', 'Bob Odenkirk', 'Jonathan Banks', 'Christopher Cousins', 'Steven Michael Quezada', 'Jim Beaver', 'Larry Hankin', 'JB Blanc', 'James Harris', 'Monique Candelaria']","['Walter White', 'Skyler White', 'Jesse Pinkman', 'Hank Schrader', 'Marie Schrader', 'Walter White, Jr.', 'Saul Goodman', 'Mike Ehrmantraut', 'Ted Beneke', 'Steven Gomez', 'Lawson', 'Old Joe', 'Dr. Barry Goodman', 'Duty Officer', 'Lucy']"
47,Madrigal,Michelle MacLaren,8.9,Episode aired 22 July 2012,Season 5,Episode 2,"In Germany, the head of a multinational company's fast food division - which includes Gus' franchised chicken restaurants - commits suicide when the police come to question him. With Jesse fretting over what happened with the poison cigarette intended for Gus Fring, Walt plans an elaborate ruse to let him find it in his house. With that out of the way, they approach Mike to join them in starting up the business but he refuses. Mike is also approached by a woman, Lydia - obviously involved in Gus Fring's drug business - who is worried about the number of people who could have their arms twisted to testify against them and wants them eliminated. Mike declines but when someone goes after him, he knows the source.","[' Crime', ' Drama', ' Thriller']","['Bryan Cranston', 'Anna Gunn', 'Aaron Paul', 'Dean Norris', 'Betsy Brandt', 'RJ Mitte', 'Bob Odenkirk', 'Jonathan Banks', 'Laura Fraser', 'Steven Michael Quezada', 'Michael Shamus Wiles', 'Norbert Weisser', 'Wolf Muser', 'Carrington Vilmont', 'James Ning']","['Walter White', 'Skyler White', 'Jesse Pinkman', 'Hank Schrader', 'Marie Schrader', 'Walter White, Jr.', 'Saul Goodman', 'Mike Ehrmantraut', 'Lydia Rodarte-Quayle', 'Steven Gomez', 'ASAC George Merkert', 'Peter Schuler', 'Herr Herzog', 'Chief Food Technician', 'Duane Chow']"
48,Hazard Pay,Adam Bernstein,8.9,Episode aired 29 July 2012,Season 5,Episode 3,"Walt, Jessie, and Mike's business starts back up. Walt finds an ingenious solution to the problem of where to set up the lab, Jesse makes a decision about his personal life, and Mike visits each of his crew to ensure that they stay mum, even with the feds pressuring them. Hank goes back to work. Skyler remains numb, and Marie badgers her about what's wrong. Walt is in for a surprise when Mike divides the money from the first cook.","[' Crime', ' Drama', ' Thriller']","['Bryan Cranston', 'Anna Gunn', 'Aaron Paul', 'Dean Norris', 'Betsy Brandt', 'RJ Mitte', 'Bob Odenkirk', 'Jonathan Banks', 'Fred Cruz', 'Matt Jones', 'Emily Rios', 'Jesse Plemons', 'Mike Batayeh', 'Franc Ross', 'Charles Baker']","['Walter White', 'Skyler White', 'Jesse Pinkman', 'Hank Schrader', 'Marie Schrader', 'Walter White, Jr.', 'Saul Goodman', 'Mike Ehrmantraut', 'Lt. Adam Estiguez', 'Badger', 'Andrea Cantillo', 'Todd', 'Dennis Markowski', 'Ira', 'Skinny Pete']"
49,Fifty-One,Rian Johnson,8.9,Episode aired 5 August 2012,Season 5,Episode 4,"Walter, his confidence up, leases two muscle cars - one for himself and one for Junior. He's turning 51 and would like a party, Hank and his team visit Lydia in Houston, Jesse flies there to pick up the accelerant, Mike makes a decision that Jessie wants reversed, Hank is offered a promotion, Walter explains Skyler's behavior to Marie and Hank with references to Ted, and Skyler, coming slowly out of her funk, hatches a makeshift plan to protect her children.","[' Crime', ' Drama', ' Thriller']","['Bryan Cranston', 'Anna Gunn', 'Aaron Paul', 'Dean Norris', 'Betsy Brandt', 'RJ Mitte', 'Bob Odenkirk', 'Jonathan Banks', 'Laura Fraser', 'Steven Michael Quezada', 'Todd Terry', 'Russ Dillen', 'Melissa McCurley']","['Walter White', 'Skyler White', 'Jesse Pinkman', 'Hank Schrader', 'Marie Schrader', 'Walter White, Jr.', 'Saul Goodman', 'Mike Ehrmantraut', 'Lydia Rodarte-Quayle', 'Steven Gomez', 'SAC Ramey', 'Ron Forenall', 'Secretary']"
50,Dead Freight,George Mastras,9.7,Episode aired 12 August 2012,Season 5,Episode 5,"A boy on a motorbike finds a large tarantula in the desert. Walter pays a visit to Hank in the new office; Walt's intentions are not entirely above board. The team's search for methylamine continues, with Michael and Lydia at odds, and Jesse wanting to obtain the chemical without resorting to murder. They hatch an elaborate plan involving buried tanks, a train trestle, and a stalled truck. The children remain with Hank and Marie to Junior's increasing anger and frustration. Skyler lays more of her cards on the table. What price success?","[' Crime', ' Drama', ' Thriller']","['Bryan Cranston', 'Anna Gunn', 'Aaron Paul', 'Dean Norris', 'Betsy Brandt', 'RJ Mitte', 'Bob Odenkirk', 'Jonathan Banks', 'Laura Fraser', 'Jesse Plemons', 'Steven Michael Quezada', 'Bill Burr', 'Jamie McShane', 'Myk Watford', 'Miguel Martinez']","['Walter White', 'Skyler White', 'Jesse Pinkman', 'Hank Schrader', 'Marie Schrader', 'Walter White, Jr.', 'Saul Goodman', 'Mike Ehrmantraut', 'Lydia Rodarte-Quayle', 'Todd', 'Steven Gomez', 'Kuby', 'Conductor', 'Engineer', 'Fernando']"
51,Buyout,Colin Bucksey,9.1,Episode aired 19 August 2012,Season 5,Episode 6,"With blood on their hands, the Walter, Jesse, and Mike partnership must first decide what to do about Todd. After that's settled, Walter is ready to cook again, but Jesse and Mike have another idea. Skyler spends some time with her daughter and with Marie, and Walter's invitation that Jesse stay for dinner adds to Skyler's misery. Hank and his team put nearly round-the-clock surveillance on Mike, and a meth producer in Phoenix has a plan.","[' Crime', ' Drama', ' Thriller']","['Bryan Cranston', 'Anna Gunn', 'Aaron Paul', 'Dean Norris', 'Betsy Brandt', 'RJ Mitte', 'Bob Odenkirk', 'Jonathan Banks', 'Jesse Plemons', 'Steven Michael Quezada', 'Louis Ferreira', 'Kaija Bales', 'Sam Webb', 'Morse Bicknell', 'Phil Duran']","['Walter White', 'Skyler White', 'Jesse Pinkman', 'Hank Schrader', 'Marie Schrader', 'Walter White, Jr.', 'Saul Goodman', 'Mike Ehrmantraut', 'Todd', 'Steven Gomez', 'Declan', 'Kaylee Ehrmantraut', 'Drew Sharp', ""Declan's Driver"", 'DEA Agent']"
52,Say My Name,Thomas Schnauz,9.6,Episode aired 26 August 2012,Season 5,Episode 7,"In the desert, Walter meets with the Phoenix crystal meth distributors to set up a new partnership. Mike's out, Jesse wants out, Skyler's checked out, and Hank's boss wants him to stop spending time and resources on pursuing Mike. Walt needs to get the bug out of Hank's office, and Hank may have one more play.","[' Crime', ' Drama', ' Thriller']","['Bryan Cranston', 'Anna Gunn', 'Aaron Paul', 'Dean Norris', 'Betsy Brandt', 'RJ Mitte', 'Bob Odenkirk', 'Jonathan Banks', 'Jesse Plemons', 'Steven Michael Quezada', 'Louis Ferreira', 'Todd Terry', 'Kaija Bales', 'Chris Freihofer', 'Kathleen Brady']","['Walter White', 'Skyler White', 'Jesse Pinkman', 'Hank Schrader', 'Marie Schrader', 'Walter White, Jr.', 'Saul Goodman', 'Mike Ehrmantraut', 'Todd', 'Steven Gomez', 'Declan', 'SAC Ramey', 'Kaylee Ehrmantraut', 'Dan Wachsberger', 'Dorothy Yobs']"
53,Gliding Over All,Michelle MacLaren,9.6,Episode aired 2 September 2012,Season 5,Episode 8,"Hank's team puts pressure on Mike's crew, and at least one is ready to flip. Walter meets with Lydia, demanding the names of Mike's crew; she's afraid that once she lists them, Walter will dispatch her. She offers him a deal. Walter talks to Todd's uncle, Hank has a terrible day at work, and the cooking continues. Marie pushes Skyler to let the children return home, she takes Walt on a short car trip, and Hank may have a touch of constipation.","[' Crime', ' Drama', ' Thriller']","['Bryan Cranston', 'Anna Gunn', 'Aaron Paul', 'Dean Norris', 'Betsy Brandt', 'RJ Mitte', 'Bob Odenkirk', 'Jonathan Banks', 'Laura Fraser', 'Jesse Plemons', 'Steven Michael Quezada', 'Michael Bowen', 'Kevin Rankin', 'Mike Batayeh', 'Chris Freihofer']","['Walter White', 'Skyler White', 'Jesse Pinkman', 'Hank Schrader', 'Marie Schrader', 'Walter White, Jr.', 'Saul Goodman', 'Mike Ehrmantraut', 'Lydia Rodarte-Quayle', 'Todd', 'Steven Gomez', 'Uncle Jack', 'Kenny', 'Dennis Markowski', 'Dan Wachsberger']"
54,Blood Money,Bryan Cranston,9.5,Episode aired 11 August 2013,Season 5,Episode 9,"Hank is reeling from the information he found in Walt's bathroom, so much so that he has a panic attack on his way home from Walt's house. He decides to stay home for a few days but has boxes of evidence sent to him. As he sifts through the paper, he realizes the extent to which he's been had. Walt meanwhile has kept his promise to his Skyler and is no longer in the business. He works at the car-wash and suggests that they buy another one. His cancer has returned however and he's undergoing chemo again. Jesse is feeling guilty about some of the things he's done and tries to get Saul to get money to the families of some of their victims. Saul knows better and gets Walt to calm him down. A desperate Jesse resorts to other ways of getting rid of the money. When Walt realizes the book from his bathroom is missing, he visits Hank.","[' Crime', ' Drama', ' Thriller']","['Bryan Cranston', 'Anna Gunn', 'Aaron Paul', 'Dean Norris', 'Betsy Brandt', 'RJ Mitte', 'Bob Odenkirk', 'Laura Fraser', 'Jesse Plemons', 'Matt Jones', 'Charles Baker', 'Lavell Crawford', 'Tina Parker', 'Pedro García', 'Cheryl Ford-Mente']","['Walter White', 'Skyler White', 'Jesse Pinkman', 'Hank Schrader', 'Marie Schrader', 'Walter White, Jr.', 'Saul Goodman', 'Lydia Rodarte-Quayle', 'Todd', 'Badger', 'Skinny Pete', 'Huell', 'Francesca', 'Mariano', 'Carol']"
55,Buried,Michelle MacLaren,9.2,Episode aired 18 August 2013,Season 5,Episode 10,"Hank immediately contacts Skyler to tell her what he's learned. He wants her to give him a statement but she decides she wants a lawyer. Hank gets his wife to talk to her but after an ugly confrontation, Skyler stands her ground. Walt, unable to contact Skyler, has Saul's men get his money out of his storage locker. He promptly buries the loot in the desert. He returns home knowing that Hank has been in touch with Skyler but she assures him that she told Hank nothing. She's also convinced that Hank has no evidence to back up anything he might know. A frustrated Hank returns to work having no evidence to move against Walt. When he hears that Jesse Pinkman has been arrested, he decides to visit him in jail.","[' Crime', ' Drama', ' Thriller']","['Bryan Cranston', 'Anna Gunn', 'Aaron Paul', 'Dean Norris', 'Betsy Brandt', 'RJ Mitte', 'Bob Odenkirk', 'Laura Fraser', 'Jesse Plemons', 'Steven Michael Quezada', 'Bill Burr', 'Lavell Crawford', 'Louis Ferreira', 'Michael Bowen', 'Kevin Rankin']","['Walter White', 'Skyler White', 'Jesse Pinkman', 'Hank Schrader', 'Marie Schrader', 'Walter White, Jr.', 'Saul Goodman', 'Lydia Rodarte-Quayle', 'Todd', 'Steven Gomez', 'Kuby', 'Huell', 'Declan', 'Uncle Jack', 'Kenny']"
56,Confessions,Michael Slovis,9.6,Episode aired 25 August 2013,Season 5,Episode 11,"Walt is still trying to convince Hank - and to a lesser extent Marie - that they should do nothing and just let nature take its course. He's no longer involved in any criminal activity and will be dead in a few months from his cancer. They're not very receptive to his ideas but when they get home they find that Walt has recorded a video confession admitting to everything - and naming Hank as the mastermind behind it all. Jesse meanwhile has been released from jail. He said nothing to the police or Hank about his business with Walt but seems completely lost. In a difficult meeting with Walt, he agrees to acquire a new identity and start a life in Alaska. As he awaits Saul's contact who will provide him with what he needs, he comes to the realization that it was Walt who tried to kill Brock.","[' Crime', ' Drama', ' Thriller']","['Bryan Cranston', 'Anna Gunn', 'Aaron Paul', 'Dean Norris', 'Betsy Brandt', 'RJ Mitte', 'Bob Odenkirk', 'Laura Fraser', 'Jesse Plemons', 'Steven Michael Quezada', 'Lavell Crawford', 'Michael Bowen', 'Kevin Rankin', 'Gonzalo Menendez', 'Guy Wilson']","['Walter White', 'Skyler White', 'Jesse Pinkman', 'Hank Schrader', 'Marie Schrader', 'Walter White, Jr.', 'Saul Goodman', 'Lydia Rodarte-Quayle', 'Todd', 'Steven Gomez', 'Huell', 'Uncle Jack', 'Kenny', 'Detective Kalanchoe', 'Trent']"
57,Rabid Dog,Sam Catlin,9.2,Episode aired 1 September 2013,Season 5,Episode 12,"Walt returns home to find Saul's car in his driveway with the door open. He goes in the back way believing Jesse is waiting for him but finds the house empty and gasoline all over the living room. He sets about cleaning the place up but unable to do so completely, he invents a story that Skyler sees through immediately. She tells him there's only one way to resolve the Jesse situation. Unbeknown to Walt, the reason Jesse wasn't in the house is that Hank had been following him and stopped him from setting the house on fire. He gets Jesse to tell his story but Hank still has no hard evidence. He wants Jesse to wear a wire but Jesse thinks there's a better way.","[' Crime', ' Drama', ' Thriller']","['Bryan Cranston', 'Anna Gunn', 'Aaron Paul', 'Dean Norris', 'Betsy Brandt', 'RJ Mitte', 'Bob Odenkirk', 'Laura Fraser', 'Jesse Plemons', 'Steven Michael Quezada', 'Bill Burr', 'Lavell Crawford', 'Bruce McKenzie', 'Wray Crawford', 'Manny Rey']","['Walter White', 'Skyler White', 'Jesse Pinkman', 'Hank Schrader', 'Marie Schrader', 'Walter White, Jr.', 'Saul Goodman', 'Lydia Rodarte-Quayle', 'Todd', 'Steven Gomez', 'Kuby', 'Huell', 'Dave', 'Locksmith', 'Carpet Cleaner']"
58,To'hajiilee,Michelle MacLaren,9.8,Episode aired 8 September 2013,Season 5,Episode 13,"Jesse's plan to get evidence against Walt is relatively simple: Find out where Walt has stashed his money and either take it from him or threaten to do so. Either way, it will flush him out and the DEA can nab him and the cash. Hank and Gomez convince Saul's man Huell that Walt has gone on a killing spree, and while he doesn't know where the money is, Huell tells them about the barrels of money. Walt for his part is on high alert knowing that Jesse wants him dead. He tries to get Jesse out into the open through his girlfriend Andrea but Hank intercepts that message. Walt finally contacts Todd's uncle and he agrees to eliminate Jesse. There is a price to pay, however. Jesse finally contacts Walt and tells him he's about to burn all of his money. Walt panics and heads straight to desert where it's buried, setting up a deadly confrontation.","[' Crime', ' Drama', ' Thriller']","['Bryan Cranston', 'Anna Gunn', 'Aaron Paul', 'Dean Norris', 'Betsy Brandt', 'RJ Mitte', 'Bob Odenkirk', 'Laura Fraser', 'Jesse Plemons', 'Steven Michael Quezada', 'Emily Rios', 'Lavell Crawford', 'Michael Bowen', 'Kevin Rankin', 'Ian Posada']","['Walter White', 'Skyler White', 'Jesse Pinkman', 'Hank Schrader', 'Marie Schrader', 'Walter White, Jr.', 'Saul Goodman', 'Lydia Rodarte-Quayle', 'Todd', 'Steven Gomez', 'Andrea Cantillo', 'Huell', 'Uncle Jack', 'Kenny', 'Brock Cantillo']"
59,Ozymandias,Rian Johnson,10,Episode aired 15 September 2013,Season 5,Episode 14,"Walt survives the gun battle in the desert but others do not. Jesse survives but Walt wants him dead and expects Todd's uncle Jack to go through with their deal. Something far worse is in store for Jesse and Walt takes the opportunity to tell him about Jane's death. Meanwhile Hank's wife Marie visits her sister Skyler at the car-wash to tell her Walt has been arrested. At Marie's insistence, Skyler tells Walt Jr. about his father's secret. By the time Skyler and Walt Jr. get home Walt is already there and wants them to pack and leave with him. He soon realizes it's all over and leaves, but takes baby Holly with him. With the police now involved, Walt makes one last phone call to Skyler.","[' Crime', ' Drama', ' Thriller']","['Bryan Cranston', 'Anna Gunn', 'Aaron Paul', 'Dean Norris', 'Betsy Brandt', 'RJ Mitte', 'Bob Odenkirk', 'Laura Fraser', 'Jesse Plemons', 'Steven Michael Quezada', 'Michael Bowen', 'Kevin Rankin', 'Patrick Sane', 'Tait Fletcher', 'Saginaw Grant']","['Walter White', 'Skyler White', 'Jesse Pinkman', 'Hank Schrader', 'Marie Schrader', 'Walter White, Jr.', 'Saul Goodman', 'Lydia Rodarte-Quayle', 'Todd', 'Steven Gomez', 'Uncle Jack', 'Kenny', 'Frankie', 'Lester', 'Native American Man']"
60,Granite State,Peter Gould,9.7,Episode aired 22 September 2013,Season 5,Episode 15,"Walt is hiding out with Saul's man waiting to get his new identity and leave Albuquerque. He's joined by none other than Saul himself who is also on the run from the authorities due to his connection with Heisenberg. Walt is angry, particularly at Todd's uncle for taking most of his money. He wants Saul to help him get it back but Saul's advice is to turn himself in before the police turn on his family. When Walt is finally relocated, he finds himself living in a cabin on a snowy piece of land in New Hampshire. Saul's man comes once a month with food and the like but Walt is basically a self-exiled prisoner unable to venture off his property for fear of being recognized. He seems ready to pack it in but comes full circle after seeing his former business partners on TV.","[' Crime', ' Drama', ' Thriller']","['Bryan Cranston', 'Anna Gunn', 'Aaron Paul', 'Dean Norris', 'Betsy Brandt', 'RJ Mitte', 'Bob Odenkirk', 'Laura Fraser', 'Jesse Plemons', 'Emily Rios', 'Michael Bowen', 'Kevin Rankin', 'Adam Godley', 'Jessica Hecht', 'Carmen Serano']","['Walter White', 'Skyler White', 'Jesse Pinkman', 'Hank Schrader', 'Marie Schrader', 'Walter White, Jr.', 'Saul Goodman', 'Lydia Rodarte-Quayle', 'Todd', 'Andrea Cantillo', 'Uncle Jack', 'Kenny', 'Elliott Schwartz', 'Gretchen Schwartz', 'Carmen Molina']"
61,Felina,Vince Gilligan,9.9,Episode aired 29 September 2013,Season 5,Episode 16,"In the series finale, Walt returns to Albuquerque to settle accounts. He visits his former business partners Elliott and Gretchen Schwartz with a proposition. When they are less than forthcoming, he makes them an offer they can't refuse. He pays one last visit to Skyler but avoids seeing Walt Jr. In a coffee shop, he meets Todd and Lydia saying he's now broke but has a new formula for making meth that he wants to sell them. It's all a ruse to get a meeting with the neo-Nazis who stole his money. Once there, he puts his final plan into action.","[' Crime', ' Drama', ' Thriller']","['Bryan Cranston', 'Anna Gunn', 'Aaron Paul', 'Dean Norris', 'Betsy Brandt', 'RJ Mitte', 'Bob Odenkirk', 'Laura Fraser', 'Jesse Plemons', 'Matt Jones', 'Charles Baker', 'Michael Bowen', 'Kevin Rankin', 'Adam Godley', 'Jessica Hecht']","['Walter White', 'Skyler White', 'Jesse Pinkman', 'Hank Schrader', 'Marie Schrader', 'Walter White, Jr.', 'Saul Goodman', 'Lydia Rodarte-Quayle', 'Todd', 'Badger', 'Skinny Pete', 'Uncle Jack', 'Kenny', 'Elliott Schwartz', 'Gretchen Schwartz']"
