,title,director,rating,airdate,season_number,episode_number,storyline,genres,cast,character
0,Winter Is Coming,['Timothy Van Patten'],9.0,Episode aired 17 April 2011,Season 1,Episode 1,"At the castle Winterfell, Lord Ned Stark begins to believe that something is amiss. A deserter from the Night Watch, the guardians of the giant ice wall at the northern boundary of their territory, says he's seen the white walkers. Later, Ned and his sons find animals slain in the woods, including a she-wolf whose six pups they keep, one for each of Ned's children. They also welcome the arrival of Ned's good friend King Robert who was once betrothed to Ned's sister. She was killed before they could marry and he wed Cersei Lannister who has given him a son, Joffrey. Along with them are Cersei's two brothers, the handsome Jaime and Tyrion, a dwarf with very large appetites. The King wants Ned to return with him to his capital, King's Landing, and become the King's Hand. Ned accepts but his young son Bran accidentally sees something he should not have and suffers a serious fall as a result. Meanwhile, in the land across the narrow sea, Viserys Targaryen needs an army to attack King's ...","[' Action', ' Adventure', ' Drama', ' Fantasy', ' Romance']","['Sean Bean', 'Mark Addy', 'Nikolaj Coster-Waldau', 'Michelle Fairley', 'Lena Headey', 'Emilia Clarke', 'Iain Glen', 'Harry Lloyd', 'Kit Harington', 'Sophie Turner', 'Maisie Williams', 'Richard Madden', 'Alfie Allen', 'Isaac Hempstead Wright', 'Jack Gleeson']","[""Eddard 'Ned' Stark"", 'Robert Baratheon', 'Jaime Lannister', 'Catelyn Stark', 'Cersei Lannister', 'Daenerys Targaryen', 'Jorah Mormont', 'Viserys Targaryen', 'Jon Snow', 'Sansa Stark', 'Arya Stark', 'Robb Stark', 'Theon Greyjoy', 'Bran Stark', 'Joffrey Baratheon']"
1,The Kingsroad,['Timothy Van Patten'],8.8,Episode aired 24 April 2011,Season 1,Episode 2,"Although his son Bran is lying in bed unconscious from his fall, Ned Stark must return with King Robert to King's Landing. His wife Catelyn stays behind in Winterfell, though there appears to be little hope of Bran's recovery. The King has agreed that his son Joffrey and Ned's daughter Sansa should marry, uniting their families forever. Problems arise when Joffrey challenges the butcher's boy who is out playing with Sansa's younger sister Arya. Joffrey is injured when Arya's pet wolf attacks him. The King's justice is swift but fair even if his wife Cersei doesn't agree. Meanwhile, Ned illegitimate son heads north to join the Night Watch. Across the Narrow Sea, Daenerys is having some difficulty accommodating herself to married life. She turns to one of her servants, a slave whose job it once was to pleasure men, to learn how she could make her husband happy.","[' Action', ' Adventure', ' Drama', ' Fantasy', ' Romance']","['Sean Bean', 'Mark Addy', 'Nikolaj Coster-Waldau', 'Michelle Fairley', 'Lena Headey', 'Emilia Clarke', 'Iain Glen', 'Harry Lloyd', 'Kit Harington', 'Sophie Turner', 'Maisie Williams', 'Richard Madden', 'Alfie Allen', 'Isaac Hempstead Wright', 'Jack Gleeson']","[""Eddard 'Ned' Stark"", 'Robert Baratheon', 'Jaime Lannister', 'Catelyn Stark', 'Cersei Lannister', 'Daenerys Targaryen', 'Jorah Mormont', 'Viserys Targaryen', 'Jon Snow', 'Sansa Stark', 'Arya Stark', 'Robb Stark', 'Theon Greyjoy', 'Bran Stark', 'Joffrey Baratheon']"
2,Lord Snow,['Brian Kirk'],8.7,Episode aired 1 May 2011,Season 1,Episode 3,"After the attempted assassination of young Bran, Catelyn leaves for King's Landing to see her husband, convinced that the Lannisters were behind the attempt. On arrival, she is met by a former beau, Petyr Baelish, who tells her that the knife used in the attack on Bran was his - until he lost it in a wager to Tyrion Lannister a year ago. When presented with the evidence, Ned isn't convinced. He's kept busy as the King's Hand and is shocked at King Robert's spendthrift ways. Cersei tells her son Joffrey that when he is King, he can do anything he wants. Across the Narrow Sea, Daenerys begins to act like a queen and has a confrontation with her brother who makes it clear that he is in charge. She also realizes she is pregnant. At the wall, Ned's illegitimate son Jon Snow undergoes training to become a member of the Night's Watch.","[' Action', ' Adventure', ' Drama', ' Fantasy', ' Romance']","['Sean Bean', 'Mark Addy', 'Nikolaj Coster-Waldau', 'Michelle Fairley', 'Lena Headey', 'Emilia Clarke', 'Iain Glen', 'Aidan Gillen', 'Harry Lloyd', 'Kit Harington', 'Sophie Turner', 'Maisie Williams', 'Isaac Hempstead Wright', 'Richard Madden', 'Jack Gleeson']","[""Eddard 'Ned' Stark"", 'Robert Baratheon', 'Jaime Lannister', 'Catelyn Stark', 'Cersei Lannister', 'Daenerys Targaryen', 'Jorah Mormont', ""Petyr 'Littlefinger' Baelish"", 'Viserys Targaryen', 'Jon Snow', 'Sansa Stark', 'Arya Stark', 'Bran Stark', 'Robb Stark', 'Joffrey Baratheon']"
3,"Cripples, Bastards, and Broken Things",['Brian Kirk'],8.8,Episode aired 8 May 2011,Season 1,Episode 4,"Ned begins to look into the death of his predecessor and mentor John Arryn. He learns that Arryn was interested in a particular book and also visited a local blacksmith known for making quality arms. There he meets someone quite interesting. At the northern wall, Jon befriends Samwell Tarly an overweight, bumbling young man whose father gave him the choice of joining the Night's Watch or dying in a hunting 'accident'. Sam is the object of scorn from other trainees and their instructor. Jon makes it clear that no harm will come him. Sansa is still not speaking to her father after he was forced to kill her wolf. She is preparing to become Queen someday. Her sister Arya meanwhile is taking sword fighting lessons and sees herself as a knight. Across the Narrow Sea, Daenerys defends herself when her brother Vyseris slaps her making it very clear that she too can exercise some authority.","[' Action', ' Adventure', ' Drama', ' Fantasy', ' Romance']","['Sean Bean', 'Mark Addy', 'Nikolaj Coster-Waldau', 'Michelle Fairley', 'Lena Headey', 'Emilia Clarke', 'Iain Glen', 'Aidan Gillen', 'Harry Lloyd', 'Kit Harington', 'Sophie Turner', 'Maisie Williams', 'Richard Madden', 'Alfie Allen', 'Isaac Hempstead Wright']","[""Eddard 'Ned' Stark"", 'Robert Baratheon', 'Jaime Lannister', 'Catelyn Stark', 'Cersei Lannister', 'Daenerys Targaryen', 'Jorah Mormont', ""Petyr 'Littlefinger' Baelish"", 'Viserys Targaryen', 'Jon Snow', 'Sansa Stark', 'Arya Stark', 'Robb Stark', 'Theon Greyjoy', 'Bran Stark']"
4,The Wolf and the Lion,['Brian Kirk'],9.1,Episode aired 15 May 2011,Season 1,Episode 5,"When King Robert learns that Daenerys and the Dothrakis are preparing for war, he decides to attack first. Ned is against the idea saying they should go slowly and learn more but the King calls him a weakling and dismisses him as the King's Hand. Playing in the dungeons, Arya overhears two men plotting against her father. She tells him what she heard and he decides the time has come for him to return to Winterfell. He delays his departure when given the opportunity to speak to the last person his predecessor spoke to, a whore who gave Robert another illegitimate son. The delay is costly however and leads to a serious injury. Catelyn meanwhile takes Tyrion to her sister Lysa, who also happens to be the John Arryn's widow.","[' Action', ' Adventure', ' Drama', ' Fantasy', ' Romance']","['Sean Bean', 'Mark Addy', 'Nikolaj Coster-Waldau', 'Michelle Fairley', 'Lena Headey', 'Aidan Gillen', 'Sophie Turner', 'Maisie Williams', 'Alfie Allen', 'Isaac Hempstead Wright', 'Jack Gleeson', 'Rory McCann', 'Peter Dinklage', 'Donald Sumpter', 'Conleth Hill']","[""Eddard 'Ned' Stark"", 'Robert Baratheon', 'Jaime Lannister', 'Catelyn Stark', 'Cersei Lannister', ""Petyr 'Littlefinger' Baelish"", 'Sansa Stark', 'Arya Stark', 'Theon Greyjoy', 'Bran Stark', 'Joffrey Baratheon', ""Sandor 'The Hound' Clegane"", 'Tyrion Lannister', 'Maester Luwin', 'Lord Varys']"
5,A Golden Crown,['Daniel Minahan'],9.2,Episode aired 22 May 2011,Season 1,Episode 6,"A calmer King Robert mends fences with Ned Stark and reinstates him as the King's Hand despite the objections of his wife Cersei. While he goes hunting with his brother Renly he puts Ned on the throne. A group of farmers complain of having been attacked by a Knight and his army and knowing the culprit orders him stripped of all titles and lands. Ned decides to send Arya and Sansa back to Winterfell for their protection. Sansa in particular doesn't want to leave saying she wants to marry Joffre and have blond babies. Her offhand remark leads Ned back to the book his predecessor was so interested in and he now understands why John Arryn was visiting King Robert's bastard children. Meanwhile, Daenerys and her brother Viserys have yet another confrontation but this one is settled by Drogo himself. An imprisoned Tyrion Lannister demands to be tried and asks for trial by combat.","[' Action', ' Adventure', ' Drama', ' Fantasy', ' Romance']","['Sean Bean', 'Mark Addy', 'Michelle Fairley', 'Lena Headey', 'Emilia Clarke', 'Iain Glen', 'Aidan Gillen', 'Harry Lloyd', 'Richard Madden', 'Sophie Turner', 'Maisie Williams', 'Alfie Allen', 'Isaac Hempstead Wright', 'Jack Gleeson', 'Peter Dinklage']","[""Eddard 'Ned' Stark"", 'Robert Baratheon', 'Catelyn Stark', 'Cersei Lannister', 'Daenerys Targaryen', 'Jorah Mormont', ""Petyr 'Littlefinger' Baelish"", 'Viserys Targaryen', 'Robb Stark', 'Sansa Stark', 'Arya Stark', 'Theon Greyjoy', 'Bran Stark', 'Joffrey Baratheon', 'Tyrion Lannister']"
6,You Win or You Die,['Daniel Minahan'],9.2,Episode aired 29 May 2011,Season 1,Episode 7,"Ned confronts Cersei about her children but she dismisses his allegations. The head of the Lannister clan tells his son Jaime to be a leader and sends him to rescue Tyrion. Ros, the prostitute from Winterfell begins working for Littlefinger in King's Landing. At the wall, a riderless horse belonging to Jon Snow's uncle Benjen returns to the wall. Jon takes his vows as a Night's Watchman but is disappointed to not having been named a Ranger but Sam sees it differently. King Robert is injured while out boar hunting with his brother. He knows he will not survive and names Ned Lord Regent until Joffrey comes of age. Knowing that Joffrey is not Robert's son, he feels Robert's brother should succeed him but Littlefinger counsel's otherwise. A wine vendor tries to poison Daenerys and Drogo promises to put their son on the throne of the Seven Kingdoms.","[' Action', ' Adventure', ' Drama', ' Fantasy', ' Romance']","['Sean Bean', 'Mark Addy', 'Nikolaj Coster-Waldau', 'Lena Headey', 'Emilia Clarke', 'Iain Glen', 'Aidan Gillen', 'Kit Harington', 'Alfie Allen', 'Jack Gleeson', 'Rory McCann', 'Donald Sumpter', 'Conleth Hill', 'James Cosmo', 'Owen Teale']","[""Eddard 'Ned' Stark"", 'Robert Baratheon', 'Jaime Lannister', 'Cersei Lannister', 'Daenerys Targaryen', 'Jorah Mormont', ""Petyr 'Littlefinger' Baelish"", 'Jon Snow', 'Theon Greyjoy', 'Joffrey Baratheon', ""Sandor 'The Hound' Clegane"", 'Maester Luwin', 'Lord Varys', 'Jeor Mormont', 'Alliser Thorne']"
7,The Pointy End,['Daniel Minahan'],9.0,Episode aired 5 June 2011,Season 1,Episode 8,"Joffrey has claimed the throne and he and is mother eliminate Ned Stark's supporters. Ned is imprisoned and Sansa remains engaged to Joffrey but Arya seems to have escaped. Cersei gets Sansa to write to her eldest brother Robb to ask him to swear loyalty to the new King. Robb agrees to go, but at the head of an army. Catelyn receives word of her husband's imprisonment and learns that her sister will not support her. Tyrion and Bronn encounter the Stone Crows and makes them an offer they can't refuse. At the wall Jon's wolf, Ghost, alerts him to trouble and it seems that the White Walkers have returned. Daenarys has trouble accepting the rape of new female slaves and when Drogo supports her, he is called out by one his men.","[' Action', ' Adventure', ' Drama', ' Fantasy', ' Romance']","['Sean Bean', 'Michelle Fairley', 'Lena Headey', 'Emilia Clarke', 'Iain Glen', 'Aidan Gillen', 'Kit Harington', 'Richard Madden', 'Sophie Turner', 'Maisie Williams', 'Alfie Allen', 'Isaac Hempstead Wright', 'Jack Gleeson', 'Rory McCann', 'Peter Dinklage']","[""Eddard 'Ned' Stark"", 'Catelyn Stark', 'Cersei Lannister', 'Daenerys Targaryen', 'Jorah Mormont', ""Petyr 'Littlefinger' Baelish"", 'Jon Snow', 'Robb Stark', 'Sansa Stark', 'Arya Stark', 'Theon Greyjoy', 'Bran Stark', 'Joffrey Baratheon', ""Sandor 'The Hound' Clegane"", 'Tyrion Lannister']"
8,Baelor,['Alan Taylor'],9.6,Episode aired 12 June 2011,Season 1,Episode 9,"Sansa begs King Joffrey to spare her father's life. With his mother's support he agrees to spare him provided Ned publicly confesses that he is a traitor and recognizes him as the rightful king. Ned refuses at first but soon recognizes that the lives of his children are at stake and eventually agrees. Arya has eluded capture living in the town and scrounging for food. She goes to the square when she hears her father is to appear. What happens is something no child should have to witness. Tyrion arrives at his father's camp but the elder Lannister is dismissive of his diminutive son. He also tells him that he will be in the vanguard of the attack to take place the next day against Robb Stark's forces arriving from the north. For his part, Robb is proving to be an able field general and takes a Lannister prisoner. Daenerys finds she has little influence after Drogo falls ill and is unable to ride.","[' Action', ' Adventure', ' Drama', ' Fantasy', ' Romance']","['Sean Bean', 'Michelle Fairley', 'Nikolaj Coster-Waldau', 'Lena Headey', 'Emilia Clarke', 'Iain Glen', 'Aidan Gillen', 'Kit Harington', 'Richard Madden', 'Sophie Turner', 'Maisie Williams', 'Alfie Allen', 'Jack Gleeson', 'Rory McCann', 'Peter Dinklage']","[""Eddard 'Ned' Stark"", 'Catelyn Stark', 'Jaime Lannister', 'Cersei Lannister', 'Daenerys Targaryen', 'Jorah Mormont', ""Petyr 'Littlefinger' Baelish"", 'Jon Snow', 'Robb Stark', 'Sansa Stark', 'Arya Stark', 'Theon Greyjoy', 'Joffrey Baratheon', ""Sandor 'The Hound' Clegane"", 'Tyrion Lannister']"
9,Fire and Blood,['Alan Taylor'],9.5,Episode aired 19 June 2011,Season 1,Episode 10,"Robb's banner-men declare him to be King of the North. At Castle Black, Jon decides to desert the brotherhood and join Robb's army. Sam and his other friends have something else in mind. Having been rescued by a Night's Watchman, Arya begins her travels north to the wall. Impressed by Tyrion's good advice, Tywin sends him to King's Landing to act as the King's Hand while he is occupied with the war. Daenerys learns that she has lost the baby and realizes the error she made in trying to keep Drogo alive. At his funeral, she boldly walks into his funeral pyre and the outcome is a surprise to everyone but her.","[' Action', ' Adventure', ' Drama', ' Fantasy', ' Romance']","['Sean Bean', 'Michelle Fairley', 'Nikolaj Coster-Waldau', 'Lena Headey', 'Emilia Clarke', 'Iain Glen', 'Aidan Gillen', 'Kit Harington', 'Richard Madden', 'Sophie Turner', 'Maisie Williams', 'Alfie Allen', 'Isaac Hempstead Wright', 'Jack Gleeson', 'Rory McCann']","[""Eddard 'Ned' Stark"", 'Catelyn Stark', 'Jaime Lannister', 'Cersei Lannister', 'Daenerys Targaryen', 'Jorah Mormont', ""Petyr 'Littlefinger' Baelish"", 'Jon Snow', 'Robb Stark', 'Sansa Stark', 'Arya Stark', 'Theon Greyjoy', 'Bran Stark', 'Joffrey Baratheon', ""Sandor 'The Hound' Clegane""]"
10,The North Remembers,['Alan Taylor'],8.8,Episode aired 1 April 2012,Season 2,Episode 1,"Winter is coming as the Night Watch go to meet the threat north of the Wall, the standoff between the Stark and the Lannisters boils with new rumors of King Joffrey's birthright and the rise of the Baratheon brothers in the warfare. All the while Dany leads her band of broken things through the dead lands barely hanging on. Trust...Joffrey will do whatever it takes to keep his crown.","[' Action', ' Adventure', ' Drama', ' Fantasy', ' Romance']","['Peter Dinklage', 'Lena Headey', 'Nikolaj Coster-Waldau', 'Michelle Fairley', 'Emilia Clarke', 'Aidan Gillen', 'Iain Glen', 'Kit Harington', 'Liam Cunningham', 'Isaac Hempstead Wright', 'Richard Madden', 'Sophie Turner', 'Maisie Williams', 'Alfie Allen', 'John Bradley']","['Tyrion Lannister', 'Cersei Lannister', 'Jaime Lannister', 'Catelyn Stark', 'Daenerys Targaryen', ""Petyr 'Littlefinger' Baelish"", 'Jorah Mormont', 'Jon Snow', 'Davos Seaworth', 'Bran Stark', 'Robb Stark', 'Sansa Stark', 'Arya Stark', 'Theon Greyjoy', 'Samwell Tarly']"
11,The Night Lands,['Alan Taylor'],8.5,Episode aired 8 April 2012,Season 2,Episode 2,"In the wake of a bloody purge in the capital, Tyrion chastens Cersei for alienating the king's subjects. On the road north, Arya shares a secret with Gendry, a Night's Watch recruit. With supplies dwindling, one of Dany's scouts returns with news of their position. After nine years as a Stark ward, Theon Greyjoy reunites with his father Balon, who wants to restore the ancient Kingdom of the Iron Islands. Davos enlists Salladhor Saan, a pirate, to join forces with Stannis and Melisandre for a naval invasion of King's Landing.","[' Action', ' Adventure', ' Drama', ' Fantasy', ' Romance']","['Peter Dinklage', 'Lena Headey', 'Emilia Clarke', 'Aidan Gillen', 'Iain Glen', 'Kit Harington', 'Liam Cunningham', 'Alfie Allen', 'Maisie Williams', 'Stephen Dillane', 'Carice van Houten', 'Jerome Flynn', 'Conleth Hill', 'John Bradley', 'Sibel Kekilli']","['Tyrion Lannister', 'Cersei Lannister', 'Daenerys Targaryen', ""Petyr 'Littlefinger' Baelish"", 'Jorah Mormont', 'Jon Snow', 'Davos Seaworth', 'Theon Greyjoy', 'Arya Stark', 'Stannis Baratheon', 'Melisandre', 'Bronn', 'Lord Varys', 'Samwell Tarly', 'Shae']"
12,What Is Dead May Never Die,['Alik Sakharov'],8.8,Episode aired 15 April 2012,Season 2,Episode 3,"Jon is reprimanded for interfering with Craster and Sam has a gift for one of Craster's wives. In Winterfell, Bran continues to dream but begins to believe they are visions. Lady Catelyn approaches King Renly Baratheon to form an alliance with her son Robb. In the Iron Islands, Balon decides to attack the north while the Robb Stark's armies are in the south fighting the Lannisters. Theon is given the command of a ship while his sister Yara is put in command of a fleet of 30 ships. In King's Landing, Tyrion plays the council members against one another and learns the identity of the spy among them. He also wants to protect Shae from those who might try to find his weaknesses and she soon begins work as Sansa's new hand maiden. The King's guards return and Arya and Gendry are taken prisoner.","[' Action', ' Adventure', ' Drama', ' Fantasy', ' Romance']","['Peter Dinklage', 'Lena Headey', 'Michelle Fairley', 'Aidan Gillen', 'Kit Harington', 'Alfie Allen', 'Isaac Hempstead Wright', 'Sophie Turner', 'Maisie Williams', 'John Bradley', 'Natalie Dormer', 'James Cosmo', 'Jerome Flynn', 'Conleth Hill', 'Sibel Kekilli']","['Tyrion Lannister', 'Cersei Lannister', 'Catelyn Stark', ""Petyr 'Littlefinger' Baelish"", 'Jon Snow', 'Theon Greyjoy', 'Bran Stark', 'Sansa Stark', 'Arya Stark', 'Samwell Tarly', 'Margaery Tyrell', 'Jeor Mormont', 'Bronn', 'Lord Varys', 'Shae']"
13,Garden of Bones,['David Petrarca'],8.8,Episode aired 22 April 2012,Season 2,Episode 4,"Robb attacks a Lannister encampment and afterward meets Lady Talisa Maegyr who treats the wounded in the battlefield. Tyrion puts a stop to King Joffre's mistreatment of Sansa and also blackmails his cousin Lancel, Cersei's lover, into being his spy. Petyr Baelish visits King Renly but Catelyn is not pleased with his presence. He offers to help protect her daughters but a trade for Jaime is the only solution. Catelyn however tries to get Stannis and Renly to bury the hatchet and unite their forces. Davos Seaworth delivers Stannis' witch, Melisandre, to a remote cave where she gives birth. In the desert, one of Daenarys' riders returns with news that the elders of Qarth will receive them. Arya arrives at Harrenhal where one person is killed every day. Lord Tywin arrives unexpectedly and she is soon his cup bearer.","[' Action', ' Adventure', ' Drama', ' Fantasy', ' Romance']","['Peter Dinklage', 'Michelle Fairley', 'Emilia Clarke', 'Aidan Gillen', 'Iain Glen', 'Charles Dance', 'Liam Cunningham', 'Jack Gleeson', 'Richard Madden', 'Sophie Turner', 'Maisie Williams', 'Stephen Dillane', 'Carice van Houten', 'Natalie Dormer', 'Jerome Flynn']","['Tyrion Lannister', 'Catelyn Stark', 'Daenerys Targaryen', ""Petyr 'Littlefinger' Baelish"", 'Jorah Mormont', 'Tywin Lannister', 'Davos Seaworth', 'Joffrey Baratheon', 'Robb Stark', 'Sansa Stark', 'Arya Stark', 'Stannis Baratheon', 'Melisandre', 'Margaery Tyrell', 'Bronn']"
14,The Ghost of Harrenhal,['David Petrarca'],8.8,Episode aired 29 April 2012,Season 2,Episode 5,"Catelyn and Renly come to an agreement and he agrees to join forces with Robb but witchcraft intervenes forcing her to flee with Brienne. As Stannis' fleet approaches Renly's camp, Petyr Baelish has advice for Margaery and her brother. At King's Landing, Cersei assures Tyrion that siege preparations are well under way and he learns the specifics from Lancel. In the Iron Islands Theon sets sail though has some difficulty gaining his crew's respect. Arya makes a deal with Jaqen H'ghar who promises her three lives in return for her having saved his. North of the Wall the Watchmen arrive at their camp. In Qarth, Daxos has gifts for Daenarys and has a proposition for her: access to his untold riches - and the Iron Throne - if he marries her. In Winterfell, Osha sees something in Bran's dreams.","[' Action', ' Adventure', ' Drama', ' Fantasy', ' Romance']","['Peter Dinklage', 'Lena Headey', 'Michelle Fairley', 'Emilia Clarke', 'Aidan Gillen', 'Iain Glen', 'Kit Harington', 'Charles Dance', 'Liam Cunningham', 'Alfie Allen', 'John Bradley', 'Isaac Hempstead Wright', 'Maisie Williams', 'Stephen Dillane', 'Natalie Dormer']","['Tyrion Lannister', 'Cersei Lannister', 'Catelyn Stark', 'Daenerys Targaryen', ""Petyr 'Littlefinger' Baelish"", 'Jorah Mormont', 'Jon Snow', 'Tywin Lannister', 'Davos Seaworth', 'Theon Greyjoy', 'Samwell Tarly', 'Bran Stark', 'Arya Stark', 'Stannis Baratheon', 'Margaery Tyrell']"
15,The Old Gods and the New,['David Nutter'],9.1,Episode aired 6 May 2012,Season 2,Episode 6,"In a surprise attack, Theon Greyjoy captures Winterfell demanding an oath of loyalty from everyone there in return for their lives. He is chastised however by the locals for turning on the family that raised him. The execution of a Stark family retainer shows just how serious Theon is. Robb Stark can't believe what's happened and swears to get his revenge. He is also growing fonder of Lady Talisa. At King's Landing, Tyrion knows better than most that war will devastate them and makes arrangements for Cersei's daughter, Myrcella, to be send away to marry. On returning to the palace after seeing her off, King Joffrey and others of the royal court learn exactly what the public thinks of them. North of the wall, Jon Snow and others are on patrol looking for wildlings. They kill a few but one of the survivors is an attractive young woman, Ygritte. At Harrenhall, Arya continues to work as Lord Tywin Lannister's cup bearer. She's taken aback however when a visitor from King's Landing - ...","[' Action', ' Adventure', ' Drama', ' Fantasy', ' Romance']","['Peter Dinklage', 'Lena Headey', 'Michelle Fairley', 'Emilia Clarke', 'Aidan Gillen', 'Kit Harington', 'Charles Dance', 'Isaac Hempstead Wright', 'Richard Madden', 'Sophie Turner', 'Maisie Williams', 'Alfie Allen', 'Jack Gleeson', 'Sibel Kekilli', 'Rory McCann']","['Tyrion Lannister', 'Cersei Lannister', 'Catelyn Stark', 'Daenerys Targaryen', ""Petyr 'Littlefinger' Baelish"", 'Jon Snow', 'Tywin Lannister', 'Bran Stark', 'Robb Stark', 'Sansa Stark', 'Arya Stark', 'Theon Greyjoy', 'Joffrey Baratheon', 'Shae', ""Sandor 'The Hound' Clegane""]"
16,A Man Without Honor,['David Nutter'],8.9,Episode aired 13 May 2012,Season 2,Episode 7,"At Winterfell, Osha arranges for Bran and his younger brother to escape. Theon is outraged and sets off after them but can't quite seem to find them. Osha improvises, as does Theon so as not to lose face. North of the Wall, Jon finds himself lost and separated from the other members of the Night's Watch. His prisoner, Ygritte, soon turns the tables on him. At Robb's camp, Jaime Lannister escapes but is soon recaptured. At Harrenhal, Tywin Lannister wants to find the assassin who struck so near to him. At King's Landing, Sansa has nightmares about her near rape but also begins to menstruate. Cersei has advice for her but the young woman is clearly worried about having to marry Joffrey. In Qarth, Daenerys meets with the ruling council and demands the return of her dragons.","[' Action', ' Adventure', ' Drama', ' Fantasy', ' Romance']","['Peter Dinklage', 'Lena Headey', 'Nikolaj Coster-Waldau', 'Michelle Fairley', 'Emilia Clarke', 'Iain Glen', 'Kit Harington', 'Charles Dance', 'Isaac Hempstead Wright', 'Richard Madden', 'Sophie Turner', 'Maisie Williams', 'Alfie Allen', 'Sibel Kekilli', 'Rory McCann']","['Tyrion Lannister', 'Cersei Lannister', 'Jaime Lannister', 'Catelyn Stark', 'Daenerys Targaryen', 'Jorah Mormont', 'Jon Snow', 'Tywin Lannister', 'Bran Stark', 'Robb Stark', 'Sansa Stark', 'Arya Stark', 'Theon Greyjoy', 'Shae', ""Sandor 'The Hound' Clegane""]"
17,The Prince of Winterfell,['Alan Taylor'],8.8,Episode aired 20 May 2012,Season 2,Episode 8,"Theon's sister Yara arrives at Winterfell with reinforcements but he still can't seem to earn her respect. She tells him he was stupid to kill the Stark boys as they were valuable prisoners. Theon learns that his father wants him to return home. North of the Wall, Jon had been taken prisoner by wildlings. At Harrenhal, Arya identifies the last of the three lives Jaquen H'ghar promised her for saving him. Robb is dismayed at the deal his mother has made with Jamie Lannister and places her under arrest. Danerys refuses to leave Qarth without her dragons and decides to retrieve them from the House of the Undying. Stannis and his army approach King's Landing from the sea. Tyrion plans for the defense of the city but Cersei wants him to keep her son King Jeoffrey out of the fighting. He realizes that he must take steps to protect Shae.","[' Action', ' Adventure', ' Drama', ' Fantasy', ' Romance']","['Peter Dinklage', 'Lena Headey', 'Nikolaj Coster-Waldau', 'Michelle Fairley', 'Emilia Clarke', 'Iain Glen', 'Kit Harington', 'Charles Dance', 'Liam Cunningham', 'Jack Gleeson', 'Isaac Hempstead Wright', 'Richard Madden', 'Maisie Williams', 'Alfie Allen', 'John Bradley']","['Tyrion Lannister', 'Cersei Lannister', 'Jaime Lannister', 'Catelyn Stark', 'Daenerys Targaryen', 'Jorah Mormont', 'Jon Snow', 'Tywin Lannister', 'Davos Seaworth', 'Joffrey Baratheon', 'Bran Stark', 'Robb Stark', 'Arya Stark', 'Theon Greyjoy', 'Samwell Tarly']"
18,Blackwater,['Neil Marshall'],9.7,Episode aired 27 May 2012,Season 2,Episode 9,"Confident of victory, Stannis Baratheon's fleet and army arrive at King's Landing and the battle for the city begins. The Lannisters are badly outnumbered but Tyrion has make sensible preparations and strikes a blow. When no one else will lead the troops beyond the city wall, Tyrion decides he will do so himself. Cersei plans for her and her children's future. It appears they are all headed for certain death but help suddenly arrives.","[' Action', ' Adventure', ' Drama', ' Fantasy', ' Romance']","['Peter Dinklage', 'Lena Headey', 'Charles Dance', 'Liam Cunningham', 'Jack Gleeson', 'Sophie Turner', 'Rory McCann', 'Stephen Dillane', 'Jerome Flynn', 'Conleth Hill', 'Sibel Kekilli', 'Roy Dotrice', 'Julian Glover', 'Eugene Simon', 'Kerr Logan']","['Tyrion Lannister', 'Cersei Lannister', 'Tywin Lannister', 'Davos Seaworth', 'Joffrey Baratheon', 'Sansa Stark', ""Sandor 'The Hound' Clegane"", 'Stannis Baratheon', 'Bronn', 'Lord Varys', 'Shae', 'Hallyne', 'Grand Maester Pycelle', 'Lancel Lannister', 'Matthos Seaworth']"
19,Valar Morghulis,['Alan Taylor'],9.4,Episode aired 3 June 2012,Season 2,Episode 10,"With the battle won, King Joffrey names his grandfather, Tywin Lannister, as the Hand of the King. It has an immediate impact on Tyrion, who awakens in new and much smaller quarters wounded from the battle . Petyr Baelish is rewarded for his loyalty. The King takes an interest in Lady Margaery Tyrell and decides to marry her. Lord Varys recruits a new spy. Arya has managed to escape from Harrenhal with Jaqen H'ghar's help. He shows her something of himself. Theon and his men are surrounded at Winterfell and are forced to abandon their position. They don't leave much behind. North of the wall, Jon impresses his captor in a fight with one of his own. King Robb and Talisa are married despite the promise he had previously made. Brienne and Jaime Lannister continue their journey but not without difficulty. In Qarth, Daenerys enters the House of the Undying to retrieve her dragons.","[' Action', ' Adventure', ' Drama', ' Fantasy', ' Romance']","['Peter Dinklage', 'Lena Headey', 'Nikolaj Coster-Waldau', 'Michelle Fairley', 'Emilia Clarke', 'Aidan Gillen', 'Iain Glen', 'Kit Harington', 'Charles Dance', 'Isaac Hempstead Wright', 'Richard Madden', 'Sophie Turner', 'Maisie Williams', 'Alfie Allen', 'John Bradley']","['Tyrion Lannister', 'Cersei Lannister', 'Jaime Lannister', 'Catelyn Stark', 'Daenerys Targaryen', ""Petyr 'Littlefinger' Baelish"", 'Jorah Mormont', 'Jon Snow', 'Tywin Lannister', 'Bran Stark', 'Robb Stark', 'Sansa Stark', 'Arya Stark', 'Theon Greyjoy', 'Samwell Tarly']"
20,Valar Dohaeris,['Daniel Minahan'],8.8,Episode aired 31 March 2013,Season 3,Episode 1,"Beyond the wall, those of the Night's Watch that have survived try to go south to warn everyone of what is coming. Samwell is taken to task for not having sent the ravens. Jon Snow meets Mance Rayder, the King beyond the Wall and is accepted among them. In King's Landing, Tyrion's face has healed and Cersei pays him a visit worried about what he might say about her to their father. Tyrion enlists Bronn, now a knight, to protect him. He doesn't get much satisfaction from his father who promises him better living quarters but not much else. Lady Margaery is cementing her place at court. Sansa meanwhile may have a way out of King's Landing courtesy of Lord Baelish. Davos Seaworth has survived and is rescued. He returns to Dragonstone intent on stopping Melisandre but soon finds himself in the dungeons. Robb Stark arrives at Harrenhal to find all of its occupants dead. Daenerys arrives in Astapor looking for an army. Ser Jorah tells her the Unsullied are the best fighters in the world.","[' Action', ' Adventure', ' Drama', ' Fantasy', ' Romance']","['Peter Dinklage', 'Lena Headey', 'Emilia Clarke', 'Kit Harington', 'Richard Madden', 'Iain Glen', 'Michelle Fairley', 'Aidan Gillen', 'Charles Dance', 'Liam Cunningham', 'Stephen Dillane', 'Carice van Houten', 'Natalie Dormer', 'John Bradley', 'Jack Gleeson']","['Tyrion Lannister', 'Cersei Lannister', 'Daenerys Targaryen', 'Jon Snow', 'Robb Stark', 'Jorah Mormont', 'Catelyn Stark', ""Petyr 'Littlefinger' Baelish"", 'Tywin Lannister', 'Davos Seaworth', 'Stannis Baratheon', 'Melisandre', 'Margaery Tyrell', 'Samwell Tarly', 'Joffrey Baratheon']"
21,"Dark Wings, Dark Words",['Daniel Minahan'],8.6,Episode aired 7 April 2013,Season 3,Episode 2,Bran dreams of the three-eyed raven but Osha doesn't want to hear the details. He meets Jojen Reed and his sister Meera. Bran and Jojen seem to have a great deal in common. Robb learns of the fall of Winterfell and also that Catelyn's father has died. He leads his troops to Riverrun for his grandfather's funeral and en route Catelyn tells Talisa of her desire that Jon Snow die when he was just a babe. Cersei tries to warn Joffre about Margaery's ambition but it falls on deaf ears. Brienne and Jamie continue their journey to King's Landing but run into trouble. Sansa believes that Baelish's desire to help her is because he loved her mother. Shae explains the nature of men to her. Sansa meets Margaery and her grandmother Lady Olenna and reveals her the truth about Joffrey. Samwell Tarley is having trouble keeping up as what remains of the Night's Watch as they try to reach the Wall. Arya is also trying to get to Riverrun but she and her companions meet up with the Brotherhood without ...,"[' Action', ' Adventure', ' Drama', ' Fantasy', ' Romance']","['Peter Dinklage', 'Nikolaj Coster-Waldau', 'Lena Headey', 'Kit Harington', 'Richard Madden', 'Michelle Fairley', 'Natalie Dormer', 'Isaac Hempstead Wright', 'Jack Gleeson', 'Sophie Turner', 'Maisie Williams', 'Alfie Allen', 'Oona Chaplin', 'Joe Dempsie', 'Rose Leslie']","['Tyrion Lannister', 'Jaime Lannister', 'Cersei Lannister', 'Jon Snow', 'Robb Stark', 'Catelyn Stark', 'Margaery Tyrell', 'Bran Stark', 'Joffrey Baratheon', 'Sansa Stark', 'Arya Stark', 'Theon Greyjoy', 'Talisa Stark', 'Gendry', 'Ygritte']"
22,Walk of Punishment,"['David Benioff', 'D.B. Weiss']",8.9,Episode aired 14 April 2013,Season 3,Episode 3,"Arya may have found a new protector but one of her friends decides not to continue on their journey. Robb arrives in Riverrun for his grandfather's funeral but is not pleased to hear that his uncle Edmure failed to follow his orders and attacked Tywin Lannister's army. His plans to entrap the Lannister's army are now ruined. At King's Landing, Tywin Lannister relieves Baelish of his duties as treasurer and assigns the task to his son Tyrion, who openly admits that he has far more experience spending money than managing it. While collecting the accounting books at Baelish's brothel, Tyrion has a gift for Podrick. In Astapor, Daenerys decides to buy all 8000 of the Unsullied and offers one of her dragons as payment. North of the Wall, the surviving members of the Night's Watch try to stay alive. They stop at Craster's keep and Samwell sees that Gilly is giving birth. Jaime manages to convince his captors that Brienne could bring a hefty ransom provided she is unharmed and left with her ...","[' Action', ' Adventure', ' Drama', ' Fantasy', ' Romance']","['Peter Dinklage', 'Nikolaj Coster-Waldau', 'Lena Headey', 'Emilia Clarke', 'Kit Harington', 'Richard Madden', 'Iain Glen', 'Michelle Fairley', 'Aidan Gillen', 'Charles Dance', 'Stephen Dillane', 'Carice van Houten', 'Alfie Allen', 'John Bradley', 'Maisie Williams']","['Tyrion Lannister', 'Jaime Lannister', 'Cersei Lannister', 'Daenerys Targaryen', 'Jon Snow', 'Robb Stark', 'Jorah Mormont', 'Catelyn Stark', ""Petyr 'Littlefinger' Baelish"", 'Tywin Lannister', 'Stannis Baratheon', 'Melisandre', 'Theon Greyjoy', 'Samwell Tarly', 'Arya Stark']"
23,And Now His Watch Is Ended,['Alex Graves'],9.6,Episode aired 21 April 2013,Season 3,Episode 4,"In King's Landing, Tyrion seeks out Varys' advice on getting revenge against those who tried to kill him. He learns the Varys' approach is to go slow. Cersei is troubled that Margaery has Joffrey wrapped around her little finger. Her father won't take her advice and tells her why. Varys approaches Margaery's grandmother to discuss matters of mutual interest. North of the Wall, some of the Night's Watch are on the brink of rebellion. Jaime is continually humiliated by his captors but Brienne has words of encouragement for him. Arya reaches the main group of the Brotherhood without Banners and Sandor Clegane learns his fate.","[' Action', ' Adventure', ' Drama', ' Fantasy', ' Romance']","['Peter Dinklage', 'Nikolaj Coster-Waldau', 'Lena Headey', 'Emilia Clarke', 'Iain Glen', 'Michelle Fairley', 'Charles Dance', 'Natalie Dormer', 'Alfie Allen', 'Isaac Hempstead Wright', 'Sophie Turner', 'Maisie Williams', 'John Bradley', 'Joe Dempsie', 'Jack Gleeson']","['Tyrion Lannister', 'Jaime Lannister', 'Cersei Lannister', 'Daenerys Targaryen', 'Jorah Mormont', 'Catelyn Stark', 'Tywin Lannister', 'Margaery Tyrell', 'Theon Greyjoy', 'Bran Stark', 'Sansa Stark', 'Arya Stark', 'Samwell Tarly', 'Gendry', 'Joffrey Baratheon']"
24,Kissed by Fire,['Alex Graves'],9.0,Episode aired 28 April 2013,Season 3,Episode 5,"Brienne and Jaime are delivered to Lord Bolton where Jaime has his wounds treated. He tells Brienne about the events leading up to killing the King and acquiring the name Kingslayer. Sandor Clegane engages in mortal combat but succeeds in gaining his freedom much to Arya's annoyance. At King's Landing, Cersei begins plotting against the Tyrells and seeks Baelish's assistance. Tyrion discusses the cost of the upcoming wedding with Lady Olenna and she agrees to pay half the cost. Tywin Lannister has become aware of the Tyrells plans to have Sansa Stark marry Ser Loras Tyrell but he has his own idea as to who she should marry. Robb has to deal with the murderers of Tywin Lannisters young nephews including Lord Rickard Karstark whom he executes against the advice of those around him. Daenerys' army is on the move. North of the wall, Jon and Ygritte become lovers.","[' Action', ' Adventure', ' Drama', ' Fantasy', ' Romance']","['Peter Dinklage', 'Nikolaj Coster-Waldau', 'Lena Headey', 'Emilia Clarke', 'Kit Harington', 'Richard Madden', 'Iain Glen', 'Michelle Fairley', 'Aidan Gillen', 'Charles Dance', 'Liam Cunningham', 'Stephen Dillane', 'Natalie Dormer', 'Oona Chaplin', 'Sophie Turner']","['Tyrion Lannister', 'Jaime Lannister', 'Cersei Lannister', 'Daenerys Targaryen', 'Jon Snow', 'Robb Stark', 'Jorah Mormont', 'Catelyn Stark', ""Petyr 'Littlefinger' Baelish"", 'Tywin Lannister', 'Davos Seaworth', 'Stannis Baratheon', 'Margaery Tyrell', 'Talisa Stark', 'Sansa Stark']"
25,The Climb,['Alik Sakharov'],8.8,Episode aired 5 May 2013,Season 3,Episode 6,"In King's Landing, Tywin Lannister and Lady Olenna meet to discuss his children's proposed marriages. She puts up a good fight but in the end is forced to admit defeat. Tyrion and Cersei bemoan their fate. Tyrion is forced to tell Sansa what his father has decided. Baelish meanwhile eliminates a spy in his midsts. Arya takes an immediate dislike to Melisandre when she arrives at their camp. That dislike grows when she learns Melisandre is taking someone away with her. Jaime negotiates his release and return to King's Landing. Robb, his army depleted, realizes he has no choice but to repair relations with the Freys. However, since Robb didn't marry one of the Frey daughters as promised, they demand Edmure Tully marry one of them instead. Jon, Ygritte and many others arrive at the Wall and begin the 700 ft. climb","[' Action', ' Adventure', ' Drama', ' Fantasy', ' Romance']","['Peter Dinklage', 'Nikolaj Coster-Waldau', 'Lena Headey', 'Kit Harington', 'Richard Madden', 'Michelle Fairley', 'Aidan Gillen', 'Charles Dance', 'Carice van Houten', 'Alfie Allen', 'Isaac Hempstead Wright', 'Sophie Turner', 'Maisie Williams', 'John Bradley', 'Joe Dempsie']","['Tyrion Lannister', 'Jaime Lannister', 'Cersei Lannister', 'Jon Snow', 'Robb Stark', 'Catelyn Stark', ""Petyr 'Littlefinger' Baelish"", 'Tywin Lannister', 'Melisandre', 'Theon Greyjoy', 'Bran Stark', 'Sansa Stark', 'Arya Stark', 'Samwell Tarly', 'Gendry']"
26,The Bear and the Maiden Fair,['Michelle MacLaren'],8.7,Episode aired 12 May 2013,Season 3,Episode 7,"Robb and his entourage are traveling to the Freys but wet weather has delayed them. Talisa has big news for him. Jon Snow, Ygritte and the others have crossed into the south and are headed to Castle Black. Margaery has good advice for Sansa who dreads the thought of having to marry Tyrion. For his part, Tyrion thinks she's too young. Shae is also unhappy with Tyrion's upcoming marriage and she wants them to run away. Tywin Lannister makes sure King Joffrey knows exactly who is on charge. Daenerys and her army arrive at Yunkai, the Yellow City. Ser Jorah recommends that they simply bypass the walled city as conquering it serves no useful purpose. She disagrees but the slavers of Yunkai refuse to free all of their slaves. Melissandre arrives in King's Landing with Gendry and tells him of his ancestry. Arya meanwhile runs off on her own and into the arms of an enemy. Jaime begins his trip to King's Landing but refuses to leave Brienne behind. Theon Greyjoy is comforted by two young ...","[' Action', ' Adventure', ' Drama', ' Fantasy', ' Romance']","['Peter Dinklage', 'Nikolaj Coster-Waldau', 'Emilia Clarke', 'Kit Harington', 'Richard Madden', 'Iain Glen', 'Michelle Fairley', 'Charles Dance', 'Natalie Dormer', 'Carice van Houten', 'Isaac Hempstead Wright', 'Sophie Turner', 'Maisie Williams', 'Alfie Allen', 'Oona Chaplin']","['Tyrion Lannister', 'Jaime Lannister', 'Daenerys Targaryen', 'Jon Snow', 'Robb Stark', 'Jorah Mormont', 'Catelyn Stark', 'Tywin Lannister', 'Margaery Tyrell', 'Melisandre', 'Bran Stark', 'Sansa Stark', 'Arya Stark', 'Theon Greyjoy', 'Talisa Stark']"
27,Second Sons,['Michelle MacLaren'],9.0,Episode aired 19 May 2013,Season 3,Episode 8,The time for Tyrion's wedding to Sansa has arrived. His resolve to not go through with wedding has evaporated and he now accepts its inevitability. He explains to Sansa why he feels he has to go through with it and she too is prepared to do her duty. Joffrey goes out of his way to embarrass them both at the ceremony. Arya assumed Sandor Clegane was taking her to King's Landing and is surprised when tells her where they're going. The Yunkai have hired an army to protect them and Daenerys tries to convince their leaders to come to her side. Most reject her proposal but one decides to take matters into his own hands. Melissandre returns home intent on showing the power of a king's blood. Sam and Gilly encounter a white walker.,"[' Action', ' Adventure', ' Drama', ' Fantasy', ' Romance']","['Peter Dinklage', 'Lena Headey', 'Emilia Clarke', 'Iain Glen', 'Charles Dance', 'Liam Cunningham', 'Stephen Dillane', 'Carice van Houten', 'Natalie Dormer', 'Jack Gleeson', 'Sophie Turner', 'Maisie Williams', 'John Bradley', 'Joe Dempsie', 'Sibel Kekilli']","['Tyrion Lannister', 'Cersei Lannister', 'Daenerys Targaryen', 'Jorah Mormont', 'Tywin Lannister', 'Davos Seaworth', 'Stannis Baratheon', 'Melisandre', 'Margaery Tyrell', 'Joffrey Baratheon', 'Sansa Stark', 'Arya Stark', 'Samwell Tarly', 'Gendry', 'Shae']"
28,The Rains of Castamere,['David Nutter'],9.9,Episode aired 2 June 2013,Season 3,Episode 9,"Robb, his wife Talisa and mother Catelyn arrive for the marriage of Edmure Tully to one of Walder Frey's daughters. There is considerable tension between the two families but Robb's sincere apology for not marrying one of Frey's daughters is well received. It doesn't stop the elderly Frey from being both crude and rude towards his guests. Edmure is pleasantly surprised to see that his bride is to be Frey's prettiest granddaughter, Roslin. The festivities continue but Walder Frey has something very special planned. Arya and Sandor Clegane arrive at the Twins but too late to do anything. Daenerys meanwhile orders the attack on Yunkai based on information provided by Daario. Brandon learns the strength of his powers. Jon Snow is forced to choose between the Watch and Ygritte.","[' Action', ' Adventure', ' Drama', ' Fantasy', ' Romance']","['Emilia Clarke', 'Kit Harington', 'Richard Madden', 'Iain Glen', 'Michelle Fairley', 'John Bradley', 'Isaac Hempstead Wright', 'Maisie Williams', 'Oona Chaplin', 'Rose Leslie', 'Rory McCann', 'David Bradley', 'Mackenzie Crook', 'Michael McElhatton', 'Ian McElhinney']","['Daenerys Targaryen', 'Jon Snow', 'Robb Stark', 'Jorah Mormont', 'Catelyn Stark', 'Samwell Tarly', 'Bran Stark', 'Arya Stark', 'Talisa Stark', 'Ygritte', ""Sandor 'The Hound' Clegane"", 'Walder Frey', 'Orell', 'Roose Bolton', 'Barristan Selmy']"
29,Mhysa,['David Nutter'],9.1,Episode aired 9 June 2013,Season 3,Episode 10,"The news of the red wedding has reached King's Landing and Tywin Lannister calls a meeting of the small council. Joffery rejoices at the news but no one supports his plan to present Sansa with Robb's head at his wedding to Margaery. Arya flees the Twins with Sandor Clegane as her protector but not before she sees what they've done to Robb. She exacts a modicum of revenge. Ygritte catches up with Jon Snow but he survives the encounter making it to Castle Black as do Sam and Gilly. Bran makes it through the wall and into the unknown lands. Jaime and Brienne arrive in King's Landing.At Yunkai, Daenerys awaits the reaction of the thousands of slaves who are now free.","[' Action', ' Adventure', ' Drama', ' Fantasy', ' Romance']","['Peter Dinklage', 'Nikolaj Coster-Waldau', 'Lena Headey', 'Emilia Clarke', 'Kit Harington', 'Iain Glen', 'Charles Dance', 'Liam Cunningham', 'Stephen Dillane', 'Carice van Houten', 'Isaac Hempstead Wright', 'Sophie Turner', 'Maisie Williams', 'Alfie Allen', 'Jack Gleeson']","['Tyrion Lannister', 'Jaime Lannister', 'Cersei Lannister', 'Daenerys Targaryen', 'Jon Snow', 'Jorah Mormont', 'Tywin Lannister', 'Davos Seaworth', 'Stannis Baratheon', 'Melisandre', 'Bran Stark', 'Sansa Stark', 'Arya Stark', 'Theon Greyjoy', 'Joffrey Baratheon']"
30,Two Swords,"['D.B. Weiss', 'David Benioff']",9.1,Episode aired 6 April 2014,Season 4,Episode 1,"Tywin Lannister gives his son Jaime a new sword and wants him to return to rule at Casterly Rock in his stead. Jaime wants to rejoin the King's guard. Cersei hasn't forgiven her brother for leaving her. Prince Oberyn Martell arrives in King's Landing for the royal wedding. He and his lover, Ellaria Sand, take their pleasure at Littlefinger's establishment. His hatred of the Lannisters becomes apparent as he blames them for the death of his sister. Daenerys' army is marching toward the slave city of Meereen. She comes to realize that her dragons can never be tamed. Sansa still grieves over the loss of her family at the Red wedding. At Castle Black, Jon Snow faces an enquiry before the commanders of the Watch. Arya and Sandor Clegane come across someone from Arya's past.","[' Action', ' Adventure', ' Drama', ' Fantasy', ' Romance']","['Peter Dinklage', 'Nikolaj Coster-Waldau', 'Lena Headey', 'Emilia Clarke', 'Kit Harington', 'Charles Dance', 'Natalie Dormer', 'Jack Gleeson', 'Sophie Turner', 'Maisie Williams', 'John Bradley', 'Rose Leslie', 'Kristofer Hivju', 'Rory McCann', 'Gwendoline Christie']","['Tyrion Lannister', 'Jaime Lannister', 'Cersei Lannister', 'Daenerys Targaryen', 'Jon Snow', 'Tywin Lannister', 'Margaery Tyrell', 'Joffrey Baratheon', 'Sansa Stark', 'Arya Stark', 'Samwell Tarly', 'Ygritte', 'Tormund Giantsbane', ""Sandor 'The Hound' Clegane"", 'Brienne of Tarth']"
31,The Lion and the Rose,['Alex Graves'],9.7,Episode aired 13 April 2014,Season 4,Episode 2,"Sansa still hasn't recovered from the death of her family and refuses to eat despite Tyrion's requests that she do so. She receives a gift from an unexpected source. It's time for the royal wedding and King Joffrey is on his worst behavior with Tyrion the object of his dislike. He adores the sword given to him by his grandfather but uses it to chop up a book given to him by Tyrion. At the reception after the wedding ceremony, a drunken Joffrey ridicules his uncle and orders him to become his cup bearer. Tyrion does as he's told but Joffrey gets his comeuppance. Meanwhile, Lord Bolton returns home to find what his bastard son did to Theon Greyjoy.","[' Action', ' Adventure', ' Drama', ' Fantasy', ' Romance']","['Peter Dinklage', 'Nikolaj Coster-Waldau', 'Lena Headey', 'Charles Dance', 'Natalie Dormer', 'Liam Cunningham', 'Stephen Dillane', 'Carice van Houten', 'Alfie Allen', 'Jack Gleeson', 'Isaac Hempstead Wright', 'Sophie Turner', 'Gwendoline Christie', 'Sibel Kekilli', 'Iwan Rheon']","['Tyrion Lannister', 'Jaime Lannister', 'Cersei Lannister', 'Tywin Lannister', 'Margaery Tyrell', 'Davos Seaworth', 'Stannis Baratheon', 'Melisandre', 'Theon Greyjoy', 'Joffrey Baratheon', 'Bran Stark', 'Sansa Stark', 'Brienne of Tarth', 'Shae', 'Ramsay Snow']"
32,Breaker of Chains,['Alex Graves'],8.9,Episode aired 20 April 2014,Season 4,Episode 3,"In the aftermath of the Purple Wedding, the players in King's Landing reassess their situation. In the meantime, the wildling threat to the Night's Watch is becoming imminent, Arya and the Hound continue their journey to the Vale, and Daenerys reaches Meereen.","[' Action', ' Adventure', ' Drama', ' Fantasy', ' Romance']","['Peter Dinklage', 'Nikolaj Coster-Waldau', 'Lena Headey', 'Emilia Clarke', 'Kit Harington', 'Aidan Gillen', 'Charles Dance', 'Natalie Dormer', 'Liam Cunningham', 'Stephen Dillane', 'Jack Gleeson', 'Sophie Turner', 'Maisie Williams', 'Rory McCann', 'John Bradley']","['Tyrion Lannister', 'Jaime Lannister', 'Cersei Lannister', 'Daenerys Targaryen', 'Jon Snow', ""Petyr 'Littlefinger' Baelish"", 'Tywin Lannister', 'Margaery Tyrell', 'Davos Seaworth', 'Stannis Baratheon', 'Joffrey Baratheon', 'Sansa Stark', 'Arya Stark', ""Sandor 'The Hound' Clegane"", 'Samwell Tarly']"
33,Oathkeeper,['Michelle MacLaren'],8.8,Episode aired 27 April 2014,Season 4,Episode 4,"Daenerys easily conquers Meereen and shows just what she's prepared to do to those who defy her. Bronn tells Jaime he is certain Tyrion had nothing to do with Joffrey's death. He visits his brother in his cell and comes away believing the same, but Cersei won't even discuss the possibility with him. Jaime asks Brienne to find Sansa and gives her his new sword, which she names Oathkeeper. Olenna counsels Margaery as to the next steps needed for her to remain Queen. At Castle Black, Jon Snow receives permission to take volunteers 60 miles north to stop their former members who rebelled from talking to Mance Rayder's army. Bran is taken prisoner by Karl Tanner and the mutineers who have taken over Craster's Keep. The identity of Joffrey's killers is revealed.","[' Action', ' Adventure', ' Drama', ' Fantasy', ' Romance']","['Peter Dinklage', 'Nikolaj Coster-Waldau', 'Lena Headey', 'Emilia Clarke', 'Kit Harington', 'Aidan Gillen', 'Natalie Dormer', 'John Bradley', 'Isaac Hempstead Wright', 'Sophie Turner', 'Gwendoline Christie', 'Jerome Flynn', 'Iain Glen', 'Diana Rigg', 'Michiel Huisman']","['Tyrion Lannister', 'Jaime Lannister', 'Cersei Lannister', 'Daenerys Targaryen', 'Jon Snow', ""Petyr 'Littlefinger' Baelish"", 'Margaery Tyrell', 'Samwell Tarly', 'Bran Stark', 'Sansa Stark', 'Brienne of Tarth', 'Bronn', 'Jorah Mormont', 'Olenna Tyrell', 'Daario Naharis']"
34,First of His Name,['Michelle MacLaren'],8.7,Episode aired 4 May 2014,Season 4,Episode 5,"Tommen is crowned king, the first of his name. Cersei can see that her newly-crowned son and Margaery are exchanging friendly smiles. Cersei is surprisingly frank with her about Joffrey and asks if she is still interested in being queen. Tywin tells Cersei of the Lannisters dire financial situation and needs the Tyrell family to be part of the crown. Jorah Mormont advises Daenerys of Joffrey's death and they contemplate attacking King's Landing by sea. There is other news as well. The freed slaves of Yunkai have been re-enslaved by their old masters and a coup in Astapor has enthroned a butcher who has declared himself emperor. Daenerys decides to rule over the territories she has conquered. Sansa and Petyr Baelish arrive at the Eyrie where he introduces Sansa as his niece Alayne though her aunt, Lady Arryn, is aware of her true identity. Brienne and Pod continue their journey but Pod proves to be a not very useful squire.","[' Action', ' Adventure', ' Drama', ' Fantasy', ' Romance']","['Nikolaj Coster-Waldau', 'Lena Headey', 'Emilia Clarke', 'Kit Harington', 'Aidan Gillen', 'Charles Dance', 'Natalie Dormer', 'Isaac Hempstead Wright', 'Sophie Turner', 'Maisie Williams', 'Rory McCann', 'Gwendoline Christie', 'Conleth Hill', 'Iain Glen', 'Pedro Pascal']","['Jaime Lannister', 'Cersei Lannister', 'Daenerys Targaryen', 'Jon Snow', ""Petyr 'Littlefinger' Baelish"", 'Tywin Lannister', 'Margaery Tyrell', 'Bran Stark', 'Sansa Stark', 'Arya Stark', ""Sandor 'The Hound' Clegane"", 'Brienne of Tarth', 'Lord Varys', 'Jorah Mormont', 'Oberyn Martell']"
35,The Laws of Gods and Men,['Alik Sakharov'],9.7,Episode aired 11 May 2014,Season 4,Episode 6,"At the Dreadford, Yara Greyjoy and her men invade the castle to rescue her brother, but she discovers that Theon is completely brainwashed and telling that he is Reek. Yara leaves him behind and returns home. Daenerys listens to the petitions of supplicants and takes decisions. Stannis and Davos go to Braavos seeking a loan. Tyrion's trial begins and Jaime makes a deal with his father to save his brother. But when Shae is summoned to testify, Tyrion is totally devastated.","[' Action', ' Adventure', ' Drama', ' Fantasy', ' Romance']","['Peter Dinklage', 'Nikolaj Coster-Waldau', 'Lena Headey', 'Emilia Clarke', 'Charles Dance', 'Natalie Dormer', 'Liam Cunningham', 'Stephen Dillane', 'Alfie Allen', 'Iwan Rheon', 'Conleth Hill', 'Sibel Kekilli', 'Iain Glen', 'Pedro Pascal', 'Julian Glover']","['Tyrion Lannister', 'Jaime Lannister', 'Cersei Lannister', 'Daenerys Targaryen', 'Tywin Lannister', 'Margaery Tyrell', 'Davos Seaworth', 'Stannis Baratheon', 'Theon Greyjoy', 'Ramsay Snow', 'Lord Varys', 'Shae', 'Jorah Mormont', 'Oberyn Martell', 'Grand Maester Pycelle']"
36,Mockingbird,['Alik Sakharov'],9.1,Episode aired 18 May 2014,Season 4,Episode 7,"Having demanded a trial by combat, Tyrion must now find someone to fight for him. Jaime would gladly do it but admits that he cannot wield a sword effectively with his left hand. Bronn, who has fought for him once before, has accepted the Queen Regent's offer of an arranged marriage with a noblewoman and so is not available. Tyrion finds a champion in someone unexpected. Brienne and Pod stop at an inn and meet Arya's old friend, Hotpie, who tells them she's alive and probably heading to the Eyrie. Daenerys takes Daario into her bed but seeks advice on ruling from her most trusted source. At the Eyrie, Peter Baelish has shocking news for both Sansa and his wife Lysa.","[' Action', ' Adventure', ' Drama', ' Fantasy', ' Romance']","['Peter Dinklage', 'Nikolaj Coster-Waldau', 'Lena Headey', 'Emilia Clarke', 'Kit Harington', 'Aidan Gillen', 'Carice van Houten', 'John Bradley', 'Sophie Turner', 'Maisie Williams', 'Rory McCann', 'Gwendoline Christie', 'Jerome Flynn', 'Iain Glen', 'Pedro Pascal']","['Tyrion Lannister', 'Jaime Lannister', 'Cersei Lannister', 'Daenerys Targaryen', 'Jon Snow', ""Petyr 'Littlefinger' Baelish"", 'Melisandre', 'Samwell Tarly', 'Sansa Stark', 'Arya Stark', ""Sandor 'The Hound' Clegane"", 'Brienne of Tarth', 'Bronn', 'Jorah Mormont', 'Oberyn Martell']"
37,The Mountain and the Viper,['Alex Graves'],9.7,Episode aired 1 June 2014,Season 4,Episode 8,"Theon Greyjoy is sent by Ramsey to Moat Cailin to convince an ironborn garrison to surrender, promising that they will return to their land. The Wildlings slaughter Mole's Town but Ygritte spares Gilly and her baby. When Sam hears the news in Castle Black, he becomes worried with Gilly, but his friends comfort. A boy gives a scroll to Barristan with the pardon of Jorah signed by Robert Baratheon and Daenerys expels him from the city. Littlefinger is explaining the death of his wife Lysa to a court and Sansa is asked to testify as a witness, and she lies to protect him. Oberyn fights against the Mountain and wants him to confess that he raped and killed his sister Elia Martell.","[' Action', ' Adventure', ' Drama', ' Fantasy', ' Romance']","['Peter Dinklage', 'Nikolaj Coster-Waldau', 'Lena Headey', 'Emilia Clarke', 'Kit Harington', 'Aidan Gillen', 'Charles Dance', 'Alfie Allen', 'John Bradley', 'Sophie Turner', 'Maisie Williams', 'Rose Leslie', 'Kristofer Hivju', 'Hannah Murray', 'Iwan Rheon']","['Tyrion Lannister', 'Jaime Lannister', 'Cersei Lannister', 'Daenerys Targaryen', 'Jon Snow', ""Petyr 'Littlefinger' Baelish"", 'Tywin Lannister', 'Theon Greyjoy', 'Samwell Tarly', 'Sansa Stark', 'Arya Stark', 'Ygritte', 'Tormund Giantsbane', 'Gilly', 'Ramsay Snow']"
38,The Watchers on the Wall,['Neil Marshall'],9.6,Episode aired 8 June 2014,Season 4,Episode 9,"Jon and Samwell are on duty on top of the Wall. Ygritte wants to be the one who kills Jon Snow. A petrified Gilly returns with her baby to Castle Rock, reporting about the wildling attack at Mole's Town. The Nights Watch prepare for battle. The wildling army attack the wall in the night, with giants riding mammoths. Jon sets out on a dangerous journey to help set things right.","[' Action', ' Adventure', ' Drama', ' Fantasy', ' Romance']","['Kit Harington', 'John Bradley', 'Hannah Murray', 'Rose Leslie', 'Kristofer Hivju', 'Peter Vaughan', 'Owen Teale', 'Dominic Carter', 'Mark Stanley', 'Ben Crompton', 'Yuri Kolokolnikov', 'Josef Altin', ""Brenock O'Connor"", 'Joseph Gatt', 'Ian Whyte']","['Jon Snow', 'Samwell Tarly', 'Gilly', 'Ygritte', 'Tormund Giantsbane', 'Maester Aemon', 'Alliser Thorne', 'Janos Slynt', 'Grenn', 'Eddison Tollett', 'Styr', 'Pypar', 'Olly', 'Thenn Warg', 'Dongo the Giant']"
39,The Children,['Alex Graves'],9.7,Episode aired 15 June 2014,Season 4,Episode 10,"Jon Snow meets Mance and they discuss a peaceful alternative to the battle. Out of the blue, Stannis and his army put the Wildlings under siege and Mance surrenders. Jon asks for mercy for Mance to Stannis since he was well treated by him when he was his prisoner. Tywin wants to force Cersei to marry Loras and they have an argument. Cersei discloses her affair to her father and tells that she will make it public if he insists in marrying her. Jaime and Lord Varys help Tyrion to escape, but he kills Shae that is in Tywin's bed with his hands and his father with a crossbow. Then he leaves king's Landing with Varys in a ship. Daenerys learns that her black dragon killed a three year-old girl and she locks them up in the dungeons. Brienne and Pod meet Arya and The Hound and Brienne has a deadly sword fight with The Hound to keep Arya. Bran, Jojen, his sister and Hodor reach their target but they are attacked by Wights.","[' Action', ' Adventure', ' Drama', ' Fantasy', ' Romance']","['Peter Dinklage', 'Nikolaj Coster-Waldau', 'Lena Headey', 'Emilia Clarke', 'Kit Harington', 'Charles Dance', 'Liam Cunningham', 'Stephen Dillane', 'Carice van Houten', 'John Bradley', 'Isaac Hempstead Wright', 'Maisie Williams', 'Rory McCann', 'Rose Leslie', 'Kristofer Hivju']","['Tyrion Lannister', 'Jaime Lannister', 'Cersei Lannister', 'Daenerys Targaryen', 'Jon Snow', 'Tywin Lannister', 'Davos Seaworth', 'Stannis Baratheon', 'Melisandre', 'Samwell Tarly', 'Bran Stark', 'Arya Stark', ""Sandor 'The Hound' Clegane"", 'Ygritte', 'Tormund Giantsbane']"
40,The Wars to Come,['Michael Slovis'],8.5,Episode aired 12 April 2015,Season 5,Episode 1,"Cersei comes to the funeral of her father Tywin Lannister and blames her brother Jaime for his death. Tyrion arrives at his destination transported in a wooden box and Lord Varys discloses that Jaime had asked him to save his brother. White Rat is murdered in a brothel and Daenerys asks Grey Worm to find the killer. She visits her dragons in the dungeons but they do not respect her. Jon Snow is training a teenager, but Melisandre brings him to talk to Stannis Baratheon. He assigns Snow to convince Mance Rayder to bend his knees for him and make his people fight with his army. Will Mance accept the deal?","[' Action', ' Adventure', ' Drama', ' Fantasy', ' Romance']","['Peter Dinklage', 'Nikolaj Coster-Waldau', 'Lena Headey', 'Emilia Clarke', 'Kit Harington', 'Aidan Gillen', 'Charles Dance', 'Natalie Dormer', 'Stephen Dillane', 'Liam Cunningham', 'Carice van Houten', 'John Bradley', 'Sophie Turner', 'Kristofer Hivju', 'Hannah Murray']","['Tyrion Lannister', 'Jaime Lannister', 'Cersei Lannister', 'Daenerys Targaryen', 'Jon Snow', ""Petyr 'Littlefinger' Baelish"", 'Tywin Lannister', 'Margaery Tyrell', 'Stannis Baratheon', 'Davos Seaworth', 'Melisandre', 'Samwell Tarly', 'Sansa Stark', 'Tormund Giantsbane', 'Gilly']"
41,The House of Black and White,['Michael Slovis'],8.5,Episode aired 19 April 2015,Season 5,Episode 2,"Arya Stark sails to Braavos and arrives at the House of Black and White to seek out Jaqen H'ghar; however she is not welcomed to enter in the house and she throws her coin away into the sea. Brienne and Podrick are eating in a tavern and see Sansa and Little Finger, but Sansa refuses to follow Brienne. The men that are escorting Little Finger and Sansa unsuccessfully hunt Brienne and Podrick down on the road. Cersei shows to Jaime that their daughter Myrcella is in danger and Jaime seeks out Bronn and makes an offer for him to travel with him to Dorn. In Meereen, the Son of Harpy is captured and Daenerys has a meeting with her leaders to decide his fate. Barristan advises her to give a fair trial to the man; however Mossador disobeys her order and kills the Son of Harpy. Daenerys sentences him to death and there is a riot in Meereen. Jon Snow is invited by Stannis Baratheon to serve him; in return, he would give the North to Jon and he would be Jon Stark, Lord of Winterfell. But Jon ...","[' Action', ' Adventure', ' Drama', ' Fantasy', ' Romance']","['Peter Dinklage', 'Nikolaj Coster-Waldau', 'Lena Headey', 'Emilia Clarke', 'Kit Harington', 'Aidan Gillen', 'Stephen Dillane', 'Liam Cunningham', 'Indira Varma', 'Maisie Williams', 'Sophie Turner', 'Conleth Hill', 'Jerome Flynn', 'John Bradley', 'Hannah Murray']","['Tyrion Lannister', 'Jaime Lannister', 'Cersei Lannister', 'Daenerys Targaryen', 'Jon Snow', ""Petyr 'Littlefinger' Baelish"", 'Stannis Baratheon', 'Davos Seaworth', 'Ellaria Sand', 'Arya Stark', 'Sansa Stark', 'Lord Varys', 'Bronn', 'Samwell Tarly', 'Gilly']"
42,High Sparrow,['Mark Mylod'],8.5,Episode aired 26 April 2015,Season 5,Episode 3,"Sansa and Littlefinger finally approach their destination where she learns she is to marry Ramsay Bolton. She initially refuses but Littlefinger convinces her that it's all part of a much greater plan. In Braavos, Arya has now entered the House of Black and White, a dark and somewhat unpleasant place. She learns from Jaqen H'ghar that as a first step, she must rid herself of all personal possessions. Tyrion and Varys arrive in Volantis where Tyrion, already fed up with traveling, heads straight to a brothel where he is recognized. In King's Landing, Tommen and Margaery are married and the young king is enjoying the pleasures of married life. Also, the High Septon is ridiculed when the Sparrows find him in Littlefinger's brothel and march him down the street stark naked. The Septon demands that Cersei does something about these outrageous acts and she decides to visit the man commonly referred to as the High Sparrow. At the Wall, the new commander hands out the assignments but one of ...","[' Action', ' Adventure', ' Drama', ' Fantasy', ' Romance']","['Peter Dinklage', 'Lena Headey', 'Kit Harington', 'Aidan Gillen', 'Natalie Dormer', 'Stephen Dillane', 'Liam Cunningham', 'Conleth Hill', 'Alfie Allen', 'Sophie Turner', 'Maisie Williams', 'John Bradley', 'Gwendoline Christie', 'Dean-Charles Chapman', 'Tom Wlaschiha']","['Tyrion Lannister', 'Cersei Lannister', 'Jon Snow', ""Petyr 'Littlefinger' Baelish"", 'Margaery Tyrell', 'Stannis Baratheon', 'Davos Seaworth', 'Lord Varys', 'Theon Greyjoy', 'Sansa Stark', 'Arya Stark', 'Samwell Tarly', 'Brienne of Tarth', 'Tommen Baratheon', ""Jaqen H'ghar""]"
43,Sons of the Harpy,['Mark Mylod'],8.7,Episode aired 3 May 2015,Season 5,Episode 4,"Jorah Mormont steals a boat to navigate with his captive, Tyrion. Aboard a merchant ship, Jaime and Bronn sail to Dorne to rescue Myrcella. The Iron Bank is charging their loan and Cersei sends a representative of the Small Council to negotiate with the bankers. She then has a meeting with the High Sparrow and gives an army and power to his followers to neutralize the capital's sinners, including the patrons of Littlefinger's brothel, and Ser Loras Tyrell, the brother of Margaery. Tommen and his Kingsguard are stared down by the Faith Militant, and the king refuses to fight his way to the Tyrell knight. The disappointed Margaery leaves his side to stay with her family. Stannis Baratheon plans to head to Winterfell before the snow. Jon Snow is summoning nobles to help the Night's Watch with men and supplies and he has a dilemma with the name of the Bolton family. Melisandre tries to seduce Jon Snow, but he resists the temptation and does not break his vows. Shireen, restless at Castle ...","[' Action', ' Adventure', ' Drama', ' Fantasy', ' Romance']","['Peter Dinklage', 'Nikolaj Coster-Waldau', 'Lena Headey', 'Emilia Clarke', 'Kit Harington', 'Aidan Gillen', 'Natalie Dormer', 'Stephen Dillane', 'Carice van Houten', 'Indira Varma', 'John Bradley', 'Sophie Turner', 'Jerome Flynn', 'Michiel Huisman', 'Nathalie Emmanuel']","['Tyrion Lannister', 'Jaime Lannister', 'Cersei Lannister', 'Daenerys Targaryen', 'Jon Snow', ""Petyr 'Littlefinger' Baelish"", 'Margaery Tyrell', 'Stannis Baratheon', 'Melisandre', 'Ellaria Sand', 'Samwell Tarly', 'Sansa Stark', 'Bronn', 'Daario Naharis', 'Missandei']"
44,Kill the Boy,['Jeremy Podeswa'],8.6,Episode aired 10 May 2015,Season 5,Episode 5,"In Meereen, Daenerys has to decide how to deal with the former masters after the death of Ser Barristan Selmy and the injuries inflicted on Grey Worm. She decides to round up the heads of the 13 richest families in the city and introduce them to her dragons. Jorah Mormont and Tyrion Lannister approach the ancient city of Valyria and, after witnessing something quite incredible, they are set upon by the Stone Men, and Mormont does not escape unscathed. Sansa finally sees what has become of Theon, courtesy of Ramsay Bolton's jealous mistress. Ramsay is particularly cruel to Theon at a dinner, much to Roose Bolton's displeasure. At Castle Black, Jon Snow tries to convince Tormund Giantsbane to move his people south of the Wall and settle in lands that will be made available to them. Most of the men of the Watch object to the plan.","[' Action', ' Adventure', ' Drama', ' Fantasy', ' Romance']","['Peter Dinklage', 'Emilia Clarke', 'Kit Harington', 'Stephen Dillane', 'Liam Cunningham', 'Carice van Houten', 'Alfie Allen', 'John Bradley', 'Sophie Turner', 'Hannah Murray', 'Michiel Huisman', 'Nathalie Emmanuel', 'Gwendoline Christie', 'Kristofer Hivju', 'Michael McElhatton']","['Tyrion Lannister', 'Daenerys Targaryen', 'Jon Snow', 'Stannis Baratheon', 'Davos Seaworth', 'Melisandre', 'Theon Greyjoy', 'Samwell Tarly', 'Sansa Stark', 'Gilly', 'Daario Naharis', 'Missandei', 'Brienne of Tarth', 'Tormund Giantsbane', 'Roose Bolton']"
45,"Unbowed, Unbent, Unbroken",['Jeremy Podeswa'],8.0,Episode aired 17 May 2015,Season 5,Episode 6,"Arya is tested by Jaqen H'ghar in the House of Black and White and he tells that she is ready to become someone else. Tyrion and Jorah have a conversation about Daenerys and Jorah's father and how he was murdered by his own men; out of the blue, they are captured by pirates and turned into slaves. Little Finger stumbles with Lancel in King's Landing and has a meeting with Cersei and he plots against Stannis Baratheon and the Bolton. Jamie and Bronn are riding in Dornes and they meet Myrcella; however they need to fight against the Sand Snakes. Lady Olenna meets with Cersei to discuss the future of Loras Tyrell. He is judged by the High Sparrow and Margaery Tyrell is involved and arrested with her brother to a formal trial. Sansa marries Ramsay Bolton and he humiliates her.","[' Action', ' Adventure', ' Drama', ' Fantasy', ' Romance']","['Peter Dinklage', 'Nikolaj Coster-Waldau', 'Lena Headey', 'Aidan Gillen', 'Natalie Dormer', 'Indira Varma', 'Maisie Williams', 'Sophie Turner', 'Jerome Flynn', 'Alfie Allen', 'Michael McElhatton', 'Iwan Rheon', 'Tom Wlaschiha', 'Dean-Charles Chapman', 'Iain Glen']","['Tyrion Lannister', 'Jaime Lannister', 'Cersei Lannister', ""Petyr 'Littlefinger' Baelish"", 'Margaery Tyrell', 'Ellaria Sand', 'Arya Stark', 'Sansa Stark', 'Bronn', 'Theon Greyjoy', 'Roose Bolton', 'Ramsay Bolton', ""Jaqen H'ghar"", 'Tommen Baratheon', 'Jorah Mormont']"
46,The Gift,['Miguel Sapochnik'],9.0,Episode aired 24 May 2015,Season 5,Episode 7,"At Castle Black, Jon Snow, Tormund Giantsbane and a few Rangers head north of the Wall. Master Aemon has reached the end of his days and Sam gets a warning. Stannis and his army face the ravages of winter and Ser Davos recommends they return to Castle Black. At Winterfell, Sansa begs a terrified Theon to help her escape but he proves an inadequate ally. Tyrion and Ser Jorah are sold at a slave market. In Meereen, Daenerys gets unexpected advice from Daario. In King's Landing, Lady Olenna calls on the High Sparrow to seek her grandchildren's release but gets no satisfaction. She may have found an ally. A gloating Cersei visits Margaery in the cells below the Red Keep but the High Septon has a surprise for her. In Dorne, Jaime sees Myrcella who makes it clear that she considers Dorne her home and that she has no intention of leaving.","[' Action', ' Adventure', ' Drama', ' Fantasy', ' Romance']","['Peter Dinklage', 'Nikolaj Coster-Waldau', 'Lena Headey', 'Emilia Clarke', 'Kit Harington', 'Aidan Gillen', 'Natalie Dormer', 'Stephen Dillane', 'Liam Cunningham', 'Carice van Houten', 'John Bradley', 'Kristofer Hivju', 'Hannah Murray', 'Dean-Charles Chapman', 'Alfie Allen']","['Tyrion Lannister', 'Jaime Lannister', 'Cersei Lannister', 'Daenerys Targaryen', 'Jon Snow', ""Petyr 'Littlefinger' Baelish"", 'Margaery Tyrell', 'Stannis Baratheon', 'Davos Seaworth', 'Melisandre', 'Samwell Tarly', 'Tormund Giantsbane', 'Gilly', 'Tommen Baratheon', 'Theon Greyjoy']"
47,Hardhome,['Miguel Sapochnik'],9.9,Episode aired 31 May 2015,Season 5,Episode 8,"In Braavos, Arya is learning slowly and is regularly tested. She poses as an oyster seller and is assigned a specific task. In Meereen, Daenerys sits in judgment on Ser Jorah and Tyrion. While Jorah is again banished, Tyrion soon becomes her advisor. In Winterfell, Sansa learns something important from Theon. Roose Bolton meanwhile awaits Stannis' arrival but Ramsay disagrees with his approach.In King's Landing, Cersei learns from Qyburn that the High Sparrow has a strong case against her and recommends a way out for her. At Castle Black, Sam recovers from his wounds. Jon Snow and Tormund Giantsbane arrive at their destination north of the Wall. While some of them accept the offer of land in the south, many do not. Before they can leave however, the army of walkers arrive.","[' Action', ' Adventure', ' Drama', ' Fantasy', ' Romance']","['Peter Dinklage', 'Lena Headey', 'Emilia Clarke', 'Kit Harington', 'Sophie Turner', 'Maisie Williams', 'John Bradley', 'Hannah Murray', 'Kristofer Hivju', 'Alfie Allen', 'Nathalie Emmanuel', 'Tom Wlaschiha', 'Michael McElhatton', 'Iwan Rheon', 'Iain Glen']","['Tyrion Lannister', 'Cersei Lannister', 'Daenerys Targaryen', 'Jon Snow', 'Sansa Stark', 'Arya Stark', 'Samwell Tarly', 'Gilly', 'Tormund Giantsbane', 'Theon Greyjoy', 'Missandei', ""Jaqen H'ghar"", 'Roose Bolton', 'Ramsay Bolton', 'Jorah Mormont']"
48,The Dance of Dragons,['David Nutter'],9.5,Episode aired 7 June 2015,Season 5,Episode 9,"Things are not going well for Stannis and his army. Winter is upon them and they are attacked in the night losing most of their stores. Unable to move forward or back, he dispatches Ser Davos Seaworth to seek help from Castle Black. Jon Snow and the survivors of the attack at Hardhome make it safely back to the wall but the reception they get is anything but warm. In Dorne, Doran Martell takes the diplomatic route telling Jaime that Myrcella can return to King's Landing with him provided certain conditions were met. In Braavos, Arya sees Lord Tyrell who arrives to speak to representatives of the Iron Bank. He's accompanied by Meryn Trant, one of the men on her list. In Meereen, the Great Games begin but the needless killing is not to Daenarys or Tyrion's liking. Ser Jorah defeats his opponents in the arena but a trap is sprung and the Sons of the Harpy attack. Rescue is at hand however.","[' Action', ' Adventure', ' Drama', ' Fantasy', ' Romance']","['Peter Dinklage', 'Nikolaj Coster-Waldau', 'Emilia Clarke', 'Kit Harington', 'Stephen Dillane', 'Liam Cunningham', 'Carice van Houten', 'Indira Varma', 'Maisie Williams', 'Jerome Flynn', 'John Bradley', 'Kristofer Hivju', 'Tom Wlaschiha', 'Michiel Huisman', 'Nathalie Emmanuel']","['Tyrion Lannister', 'Jaime Lannister', 'Daenerys Targaryen', 'Jon Snow', 'Stannis Baratheon', 'Davos Seaworth', 'Melisandre', 'Ellaria Sand', 'Arya Stark', 'Bronn', 'Samwell Tarly', 'Tormund Giantsbane', ""Jaqen H'ghar"", 'Daario Naharis', 'Missandei']"
49,Mother's Mercy,['David Nutter'],9.1,Episode aired 14 June 2015,Season 5,Episode 10,Stannis attacks Winterfell. Sansa and Theon find themselves on a difficult situation. Arya challenges the many face god. Daenerys is surrounded by acquaintances. Jaime and Myrcella leave Dorne. Cersei confesses. Sam goes to oldtown to become the new maester. Jon receives news about his uncle Benjen.,"[' Action', ' Adventure', ' Drama', ' Fantasy', ' Romance']","['Peter Dinklage', 'Nikolaj Coster-Waldau', 'Lena Headey', 'Emilia Clarke', 'Kit Harington', 'Stephen Dillane', 'Liam Cunningham', 'Carice van Houten', 'Indira Varma', 'Maisie Williams', 'Sophie Turner', 'John Bradley', 'Hannah Murray', 'Nathalie Emmanuel', 'Michiel Huisman']","['Tyrion Lannister', 'Jaime Lannister', 'Cersei Lannister', 'Daenerys Targaryen', 'Jon Snow', 'Stannis Baratheon', 'Davos Seaworth', 'Melisandre', 'Ellaria Sand', 'Arya Stark', 'Sansa Stark', 'Samwell Tarly', 'Gilly', 'Missandei', 'Daario Naharis']"
50,The Red Woman,['Jeremy Podeswa'],8.5,Episode aired 24 April 2016,Season 6,Episode 1,The fate of Jon Snow is revealed. Sansa and Theon flee the Boltons. Jaime and Cersei reunite in King's Landing. The High Sparrow continues to grow in power. The Sand Snakes make a daring move. Tyrion takes his first steps in ruling Meereen. Daario and Jorah pursue the Mother of Dragons. Daenerys is brought before the Dothraki.,"[' Action', ' Adventure', ' Drama', ' Fantasy', ' Romance']","['Peter Dinklage', 'Nikolaj Coster-Waldau', 'Lena Headey', 'Emilia Clarke', 'Kit Harington', 'Liam Cunningham', 'Carice van Houten', 'Natalie Dormer', 'Indira Varma', 'Sophie Turner', 'Maisie Williams', 'Conleth Hill', 'Alfie Allen', 'Gwendoline Christie', 'Jonathan Pryce']","['Tyrion Lannister', 'Jaime Lannister', 'Cersei Lannister', 'Daenerys Targaryen', 'Jon Snow', 'Davos Seaworth', 'Melisandre', 'Margaery Tyrell', 'Ellaria Sand', 'Sansa Stark', 'Arya Stark', 'Lord Varys', 'Theon Greyjoy', 'Brienne of Tarth', 'High Sparrow']"
51,Home,['Jeremy Podeswa'],9.4,Episode aired 1 May 2016,Season 6,Episode 2,"Bran trains with the Three-Eyed Raven. In King's Landing, Jaime advises Tommen. Tyrion demands good news, but has to make his own. At Castle Black, the Night's Watch stands behind Thorne. Ramsay Bolton proposes a plan, and Balon Greyjoy entertains other proposals.","[' Action', ' Adventure', ' Drama', ' Fantasy', ' Romance']","['Peter Dinklage', 'Nikolaj Coster-Waldau', 'Lena Headey', 'Kit Harington', 'Liam Cunningham', 'Carice van Houten', 'Sophie Turner', 'Nathalie Emmanuel', 'Maisie Williams', 'Conleth Hill', 'Jonathan Pryce', 'Kristofer Hivju', 'Alfie Allen', 'Tom Wlaschiha', 'Iwan Rheon']","['Tyrion Lannister', 'Jaime Lannister', 'Cersei Lannister', 'Jon Snow', 'Davos Seaworth', 'Melisandre', 'Sansa Stark', 'Missandei', 'Arya Stark', 'Lord Varys', 'High Sparrow', 'Tormund Giantsbane', 'Theon Greyjoy', ""Jaqen H'ghar"", 'Ramsay Bolton']"
52,Oathbreaker,['Daniel Sackheim'],8.7,Episode aired 8 May 2016,Season 6,Episode 3,"SPOILER: Jon Snow is received by Davos and Melisandre and has difficulties to understand what happened with him. Then he is greeted by his friends. Sam is traveling by boat with Gilly and her baby to the land of his family. Bran has other visions helped by Three-Eyed Raven and finds a hidden past of his father. Daenerys arrives at Vaes Dothrak and is forced to change clothes. Varys and Tyrion discover who is financing the Sons of the Harpy. In King's Landing, Cersei orders Qyburn to send the little birds to several to spy her enemies. King Tommen confronts the High Sparrow but is manipulated by him. In Braavos, Arya continues her painful training. Umber meets Ramsay and delivers Osha and Rickon Stark to him to celebrate their union. Jon Snow executes his enemies and takes a surprising decision.","[' Action', ' Adventure', ' Drama', ' Fantasy', ' Romance']","['Peter Dinklage', 'Nikolaj Coster-Waldau', 'Lena Headey', 'Emilia Clarke', 'Kit Harington', 'Liam Cunningham', 'Carice van Houten', 'Nathalie Emmanuel', 'Maisie Williams', 'Conleth Hill', 'Kristofer Hivju', 'Isaac Hempstead Wright', 'John Bradley', 'Iwan Rheon', 'Jonathan Pryce']","['Tyrion Lannister', 'Jaime Lannister', 'Cersei Lannister', 'Daenerys Targaryen', 'Jon Snow', 'Davos Seaworth', 'Melisandre', 'Missandei', 'Arya Stark', 'Lord Varys', 'Tormund Giantsbane', 'Bran Stark', 'Samwell Tarly', 'Ramsay Bolton', 'High Sparrow']"
53,Book of the Stranger,['Daniel Sackheim'],9.1,Episode aired 15 May 2016,Season 6,Episode 4,"Sansa arrives at Black Castle with Brienne and Podrick and reunites with Jon Snow, who has resigned from the Night's Watch after the deception of the betrayal of his brothers. Sansa tries to convince him to attack and retake Winterfell while Brienne meets Davos and Melisandre and warns that she killed Stannis and she does not forget or forgive the assassination of Renly through black magic. Littlefinger returns to Runestone and is welcomed by his nephew Robin and convinces him to send his army to protect Sansa at Castle Black. In Meereen, Tyrion negotiates a truce and the end of the support to the Sons of Harpy with the masters of Slaver's Bay. Jorah and Daario arrive at Vaes Dothrak and they meet Daenerys, who explains a plan to them. Margaery meets the High Sparrow and he tells how he learned the truth. Tommen tells Cersei that Margaery will be exposed to the people soon, and Cersei plots a scheme with Olenna to destroy the High Sparrow. Theon returns to the Iron Island and after a ...","[' Action', ' Adventure', ' Drama', ' Fantasy', ' Romance']","['Peter Dinklage', 'Nikolaj Coster-Waldau', 'Lena Headey', 'Emilia Clarke', 'Kit Harington', 'Natalie Dormer', 'Aidan Gillen', 'Liam Cunningham', 'Carice van Houten', 'Sophie Turner', 'Nathalie Emmanuel', 'Conleth Hill', 'Kristofer Hivju', 'Jonathan Pryce', 'Michiel Huisman']","['Tyrion Lannister', 'Jaime Lannister', 'Cersei Lannister', 'Daenerys Targaryen', 'Jon Snow', 'Margaery Tyrell', ""Petyr 'Littlefinger' Baelish"", 'Davos Seaworth', 'Melisandre', 'Sansa Stark', 'Missandei', 'Lord Varys', 'Tormund Giantsbane', 'High Sparrow', 'Daario Naharis']"
54,The Door,['Jack Bender'],9.7,Episode aired 22 May 2016,Season 6,Episode 5,Littlefinger faces the consequences of his actions. Sansa and Jon make plans. Daenerys decides Jorah's fate. An uneasy truce in Slaver's Bay doesn't withhold Tyrion from trying to improve the situation. The Ironborn choose their new ruler. Noone(Arya Stark) is given a new mission and witnesses a play. Bran learns about how the Long Night came to be but brings chaos upon his group. Wyllis holds the door.,"[' Action', ' Adventure', ' Drama', ' Fantasy', ' Romance']","['Peter Dinklage', 'Emilia Clarke', 'Kit Harington', 'Aidan Gillen', 'Liam Cunningham', 'Carice van Houten', 'Sophie Turner', 'Nathalie Emmanuel', 'Maisie Williams', 'Conleth Hill', 'Isaac Hempstead Wright', 'Kristofer Hivju', 'Alfie Allen', 'Michiel Huisman', 'Gwendoline Christie']","['Tyrion Lannister', 'Daenerys Targaryen', 'Jon Snow', ""Petyr 'Littlefinger' Baelish"", 'Davos Seaworth', 'Melisandre', 'Sansa Stark', 'Missandei', 'Arya Stark', 'Lord Varys', 'Bran Stark', 'Tormund Giantsbane', 'Theon Greyjoy', 'Daario Naharis', 'Brienne of Tarth']"
55,Blood of My Blood,['Jack Bender'],8.4,Episode aired 29 May 2016,Season 6,Episode 6,"The white walkers reach Meera and Bran but they are saved in the last minute by a mysterious black rider who turns out to be Benjen Stark. Sam and Gilly arrive at Horn Hill, where Sam introduces Gilly and Crastor's son to his family. Defending Sam, Gilly confesses that she is a wildling, which is appalling to Randyll. Nevertheless, Randyll accepts the baby into his home. However, Sam changes his mind in the last moment and decides to take Gilly, the baby as well as the Valyrian sword of his father with him and leave his home for good. King Tommen is allowed to see Queen Margery. Instead of killing the actress playing Cersei by poisoning her, Arya recovers her Needle and makes different plans. Jaime and the Tyrell army march into King's Landing, trying to stop Margery's planned walk of shame but the High Sparrow already thought this event through, making sure he will succeed in the end by manipulating King Tommen to take his side. As a result, Tommen fires his father from his job as ...","[' Action', ' Adventure', ' Drama', ' Fantasy', ' Romance']","['Nikolaj Coster-Waldau', 'Lena Headey', 'Emilia Clarke', 'Natalie Dormer', 'Maisie Williams', 'Jonathan Pryce', 'John Bradley', 'Isaac Hempstead Wright', 'Michiel Huisman', 'Tom Wlaschiha', 'Dean-Charles Chapman', 'Hannah Murray', 'Diana Rigg', 'Richard E. Grant', 'David Bradley']","['Jaime Lannister', 'Cersei Lannister', 'Daenerys Targaryen', 'Margaery Tyrell', 'Arya Stark', 'High Sparrow', 'Samwell Tarly', 'Bran Stark', 'Daario Naharis', ""Jaqen H'ghar"", 'Tommen Baratheon', 'Gilly', 'Olenna Tyrell', 'Izembaro', 'Walder Frey']"
56,The Broken Man,['Mark Mylod'],8.6,Episode aired 5 June 2016,Season 6,Episode 7,"The Hound was saved by Brother Ray, the leader of a community, and has a peaceful life working as woodman. When three men from the Brotherhood threaten the villagers, The Hound is worried about but Brother Ray does not believe in violence anymore. Margaery seems to be converted by the High-Sparrow, but when she learns that her grandmother Oleanna Tyrrell is in danger, she contacts her to convince Oleanna to leave King's Landing. Jon. Sansa and Davos are searching for allies to vanquish Ramsay and retake Winterfell. Jaime and Bronn arrive at the Blackfish Castle and Jaime tries to convince him to surrender to the siege to his castle. Theon and Yara are resting in a brothel and waiting for uncle Euron's attack. Arya makes arrangements to return to Westeros but she is stabbed by the Waif.","[' Action', ' Adventure', ' Drama', ' Fantasy', ' Romance']","['Nikolaj Coster-Waldau', 'Lena Headey', 'Kit Harington', 'Natalie Dormer', 'Liam Cunningham', 'Sophie Turner', 'Rory McCann', 'Maisie Williams', 'Jonathan Pryce', 'Kristofer Hivju', 'Jerome Flynn', 'Alfie Allen', 'Ian McShane', 'Diana Rigg', 'Clive Russell']","['Jaime Lannister', 'Cersei Lannister', 'Jon Snow', 'Margaery Tyrell', 'Davos Seaworth', 'Sansa Stark', ""Sandor 'The Hound' Clegane"", 'Arya Stark', 'High Sparrow', 'Tormund Giantsbane', 'Bronn', 'Theon Greyjoy', 'Brother Ray', 'Olenna Tyrell', ""Brynden 'Blackfish' Tully""]"
57,No One,['Mark Mylod'],8.4,Episode aired 12 June 2016,Season 6,Episode 8,"Arya recovers after being helped by the actress whose life she saved, Lady Crane, whom she finds murdered when she wakes up as Waif catches up with her. The Hound goes on a revenge trip and finally reunites himself with Beric. Cersei uses the Mountain to get back at the High Sparrow and his people. Then she receives the cruel news that her son, king Tommen, is manipulated by the high Sparrow to ban the trial by combat in the seven kingdoms. Brienne and Podrick reach Jaime and Bronn. Brienne makes an offer to Jaime to get him, Sansa and the Blackfish satisfied. She tries to convince the Blackfish to take his army North and help Sansa get Winterfell back. As Jaime threatens to kill Lord Edmure's son, Edmure decides to help Jaime take Riverrun. Daenerys comes back to the pyramid in Meereen.","[' Action', ' Adventure', ' Drama', ' Fantasy', ' Romance']","['Peter Dinklage', 'Nikolaj Coster-Waldau', 'Lena Headey', 'Emilia Clarke', 'Nathalie Emmanuel', 'Maisie Williams', 'Conleth Hill', 'Rory McCann', 'Jerome Flynn', 'Gwendoline Christie', 'Tom Wlaschiha', 'Dean-Charles Chapman', 'Richard E. Grant', 'Essie Davis', 'Julian Glover']","['Tyrion Lannister', 'Jaime Lannister', 'Cersei Lannister', 'Daenerys Targaryen', 'Missandei', 'Arya Stark', 'Lord Varys', ""Sandor 'The Hound' Clegane"", 'Bronn', 'Brienne of Tarth', ""Jaqen H'ghar"", 'Tommen Baratheon', 'Izembaro', 'Lady Crane', 'Grand Maester Pycelle']"
58,Battle of the Bastards,['Miguel Sapochnik'],9.9,Episode aired 19 June 2016,Season 6,Episode 9,"Meereen is under siege and the fleet of the masters is attacking the city. Daenerys wants to destroy their cities but Tyrion convinces her to not incur in the same mistake of her father in King's Landing. They schedule a meeting with the masters to discuss the terms of surrender. However the masters misunderstand and believe Daenerys want to surrender. She rides Drogon and together with the two other dragons, they burn part of the fleet. Meanwhile Daario and the Dothraki attack the Sons of the Harpy. Then Yara and Theon team up with Daenerys to accept the independence of the Iron Isles and to overthrow Euron. In Winterfell, Jon Snow, Sansa, Davos and Tormund meet with Ramsay, and Jon Snow proposes a dispute between them instead of sacrificing lives in a battle. Ramsay does not accept and they schedule the battle in the morning. Jon Snow plots a scheme with Davos and Tormund and Sansa warns that Ramsay plays dirty. When both armies are ready to battle, Ramsay brings a surprise that ...","[' Action', ' Adventure', ' Drama', ' Fantasy', ' Romance']","['Peter Dinklage', 'Kit Harington', 'Emilia Clarke', 'Liam Cunningham', 'Sophie Turner', 'Aidan Gillen', 'Carice van Houten', 'Nathalie Emmanuel', 'Kristofer Hivju', 'Iwan Rheon', 'Alfie Allen', 'Michiel Huisman', 'Jacob Anderson', 'Gemma Whelan', 'Ian Whyte']","['Tyrion Lannister', 'Jon Snow', 'Daenerys Targaryen', 'Davos Seaworth', 'Sansa Stark', ""Petyr 'Littlefinger' Baelish"", 'Melisandre', 'Missandei', 'Tormund Giantsbane', 'Ramsay Bolton', 'Theon Greyjoy', 'Daario Naharis', 'Grey Worm', 'Yara Greyjoy', 'Wun Wun']"
59,The Winds of Winter,['Miguel Sapochnik'],9.9,Episode aired 26 June 2016,Season 6,Episode 10,"Cersei and Loras stand trial for their crimes, while Jaime celebrates victory with Walder Frey at The Twins. Davos confronts Jon about Melisandre's actions, and Littlefinger reveals his intentions to Sansa. Meanwhile, Bran continues his quest for knowledge in the far North as ""winter"" finally arrives.","[' Action', ' Adventure', ' Drama', ' Fantasy', ' Romance']","['Peter Dinklage', 'Nikolaj Coster-Waldau', 'Lena Headey', 'Kit Harington', 'Emilia Clarke', 'Natalie Dormer', 'Liam Cunningham', 'Sophie Turner', 'Aidan Gillen', 'Carice van Houten', 'Nathalie Emmanuel', 'Indira Varma', 'Maisie Williams', 'Jonathan Pryce', 'Conleth Hill']","['Tyrion Lannister', 'Jaime Lannister', 'Cersei Lannister', 'Jon Snow', 'Daenerys Targaryen', 'Margaery Tyrell', 'Davos Seaworth', 'Sansa Stark', ""Petyr 'Littlefinger' Baelish"", 'Melisandre', 'Missandei', 'Ellaria Sand', 'Arya Stark', 'High Sparrow', 'Lord Varys']"
60,Dragonstone,['Jeremy Podeswa'],8.6,Episode aired 16 July 2017,Season 7,Episode 1,Bran and Mera arrive at castle black. Jon and Sansa plan the defense against the long night. Cersei forges new alliances. Samwell trains to be a maester. Arya gets her revenge. The Hound takes shelter in a familiar place. Daenerys arrives at Westeros.,"[' Action', ' Adventure', ' Drama', ' Fantasy', ' Romance']","['Peter Dinklage', 'Nikolaj Coster-Waldau', 'Lena Headey', 'Emilia Clarke', 'Kit Harington', 'Aidan Gillen', 'Liam Cunningham', 'Sophie Turner', 'Maisie Williams', 'Nathalie Emmanuel', 'Gwendoline Christie', 'Conleth Hill', 'John Bradley', 'Isaac Hempstead Wright', 'Hannah Murray']","['Tyrion Lannister', 'Jaime Lannister', 'Cersei Lannister', 'Daenerys Targaryen', 'Jon Snow', ""Petyr 'Littlefinger' Baelish"", 'Davos Seaworth', 'Sansa Stark', 'Arya Stark', 'Missandei', 'Brienne of Tarth', 'Lord Varys', 'Samwell Tarly', 'Bran Stark', 'Gilly']"
61,Stormborn,['Mark Mylod'],8.9,Episode aired 23 July 2017,Season 7,Episode 2,Daenerys receives an unexpected visitor. Jon faces resistance. Tyrion plans the conquest of Westeros. Cersei gathers her allies. Arya has a reunion with old friends. Sam risks his career and life.,"[' Action', ' Adventure', ' Drama', ' Fantasy', ' Romance']","['Peter Dinklage', 'Nikolaj Coster-Waldau', 'Lena Headey', 'Emilia Clarke', 'Kit Harington', 'Aidan Gillen', 'Liam Cunningham', 'Sophie Turner', 'Maisie Williams', 'Carice van Houten', 'Nathalie Emmanuel', 'Indira Varma', 'Alfie Allen', 'John Bradley', 'Gwendoline Christie']","['Tyrion Lannister', 'Jaime Lannister', 'Cersei Lannister', 'Daenerys Targaryen', 'Jon Snow', ""Petyr 'Littlefinger' Baelish"", 'Davos Seaworth', 'Sansa Stark', 'Arya Stark', 'Melisandre', 'Missandei', 'Ellaria Sand', 'Theon Greyjoy', 'Samwell Tarly', 'Brienne of Tarth']"
62,The Queen's Justice,['Mark Mylod'],9.2,Episode aired 30 July 2017,Season 7,Episode 3,Jon and Daenerys finally meet. Cersei gains a new ally. Sansa receives an unexpected visitor. Sam is confronted for his actions.,"[' Action', ' Adventure', ' Drama', ' Fantasy', ' Romance']","['Peter Dinklage', 'Nikolaj Coster-Waldau', 'Lena Headey', 'Emilia Clarke', 'Kit Harington', 'Aidan Gillen', 'Liam Cunningham', 'Carice van Houten', 'Sophie Turner', 'Nathalie Emmanuel', 'Indira Varma', 'Alfie Allen', 'John Bradley', 'Isaac Hempstead Wright', 'Conleth Hill']","['Tyrion Lannister', 'Jaime Lannister', 'Cersei Lannister', 'Daenerys Targaryen', 'Jon Snow', ""Petyr 'Littlefinger' Baelish"", 'Davos Seaworth', 'Melisandre', 'Sansa Stark', 'Missandei', 'Ellaria Sand', 'Theon Greyjoy', 'Samwell Tarly', 'Bran Stark', 'Lord Varys']"
63,The Spoils of War,['Matt Shakman'],9.8,Episode aired 6 August 2017,Season 7,Episode 4,Daenerys seeks advice from Jon and Tyrion to win the war. Theon returns to Dragonstone asking his queen for help rescue his sister. Jaime faces an unexpected encounter while transporting the Red Keep's gold. Arya returns home to Winterfell.,"[' Action', ' Adventure', ' Drama', ' Fantasy', ' Romance']","['Peter Dinklage', 'Nikolaj Coster-Waldau', 'Lena Headey', 'Emilia Clarke', 'Kit Harington', 'Aidan Gillen', 'Liam Cunningham', 'Sophie Turner', 'Maisie Williams', 'Nathalie Emmanuel', 'Conleth Hill', 'Jerome Flynn', 'Alfie Allen', 'Gwendoline Christie', 'Isaac Hempstead Wright']","['Tyrion Lannister', 'Jaime Lannister', 'Cersei Lannister', 'Daenerys Targaryen', 'Jon Snow', ""Petyr 'Littlefinger' Baelish"", 'Davos Seaworth', 'Sansa Stark', 'Arya Stark', 'Missandei', 'Lord Varys', 'Bronn', 'Theon Greyjoy', 'Brienne of Tarth', 'Bran Stark']"
64,Eastwatch,['Matt Shakman'],8.8,Episode aired 13 August 2017,Season 7,Episode 5,"Bronn saves Jaime from the lake and he is surprised with the power of Daenerys' dragon. Daenerys offers the prisoners to bend their knees and join her army, or to die. Randyll and his son Dickon from the House of Tarly refuse to serve Deanerys and her dragon turns them into ashes. Arya confronts Sansa at Winterfell and suspects of Littlefinger. Samwell has a deception with the Maesters and decides to leave the Cidatel with Gilly and their child. Tyrion advises Daenerys and Jon Snow to bring a Wight to King's Landing to prove that the Army of the Dead and the White Walkers do exist. Jaime tries to convince Cersei that they do not have any chance fighting Daenerys and her three dragons, but she plots a scheme to destroy Daenerys. Then Jaime has a surprising encounter. Jon and a group head to the Wall and meet prisoners of he Night's Watch that accept to join them in their journey to capture a Wight.","[' Action', ' Adventure', ' Drama', ' Fantasy', ' Romance']","['Peter Dinklage', 'Nikolaj Coster-Waldau', 'Lena Headey', 'Emilia Clarke', 'Kit Harington', 'Aidan Gillen', 'Liam Cunningham', 'Sophie Turner', 'Maisie Williams', 'Conleth Hill', 'Rory McCann', 'Isaac Hempstead Wright', 'Jerome Flynn', 'John Bradley', 'Hannah Murray']","['Tyrion Lannister', 'Jaime Lannister', 'Cersei Lannister', 'Daenerys Targaryen', 'Jon Snow', ""Petyr 'Littlefinger' Baelish"", 'Davos Seaworth', 'Sansa Stark', 'Arya Stark', 'Lord Varys', ""Sandor 'The Hound' Clegane"", 'Bran Stark', 'Bronn', 'Samwell Tarly', 'Gilly']"
65,Beyond the Wall,['Alan Taylor'],9.1,Episode aired 20 August 2017,Season 7,Episode 6,Jon and his band of men go beyond the wall in search of a Wight to capture and return to Kings Landing. Arya and Sansas relationship continues to derail with the help of LittleFinger. And Tyrion and Daenerys discuss the future of her reign.,"[' Action', ' Adventure', ' Drama', ' Fantasy', ' Romance']","['Peter Dinklage', 'Emilia Clarke', 'Kit Harington', 'Aidan Gillen', 'Liam Cunningham', 'Sophie Turner', 'Maisie Williams', 'Gwendoline Christie', 'Rory McCann', 'Kristofer Hivju', 'Joe Dempsie', 'Iain Glen', 'Richard Dormer', 'Paul Kaye', 'Joseph Mawle']","['Tyrion Lannister', 'Daenerys Targaryen', 'Jon Snow', ""Petyr 'Littlefinger' Baelish"", 'Davos Seaworth', 'Sansa Stark', 'Arya Stark', 'Brienne of Tarth', ""Sandor 'The Hound' Clegane"", 'Tormund Giantsbane', 'Gendry', 'Jorah Mormont', 'Beric Dondarrion', 'Thoros of Myr', 'Benjen Stark']"
66,The Dragon and the Wolf,['Jeremy Podeswa'],9.5,Episode aired 27 August 2017,Season 7,Episode 7,In King's Landing a grand meeting takes place. Theon makes amends and rescue plans. Sansa punishes those who wronged her family. Jaime confronts Cersei. The complete truth of Jon's lineage is revealed. The army of the dead reaches the Wall.,"[' Action', ' Adventure', ' Drama', ' Fantasy', ' Romance']","['Peter Dinklage', 'Nikolaj Coster-Waldau', 'Lena Headey', 'Emilia Clarke', 'Kit Harington', 'Aidan Gillen', 'Liam Cunningham', 'Sophie Turner', 'Maisie Williams', 'Nathalie Emmanuel', 'Alfie Allen', 'John Bradley', 'Isaac Hempstead Wright', 'Conleth Hill', 'Jerome Flynn']","['Tyrion Lannister', 'Jaime Lannister', 'Cersei Lannister', 'Daenerys Targaryen', 'Jon Snow', ""Petyr 'Littlefinger' Baelish"", 'Davos Seaworth', 'Sansa Stark', 'Arya Stark', 'Missandei', 'Theon Greyjoy', 'Samwell Tarly', 'Bran Stark', 'Lord Varys', 'Bronn']"
67,Winterfell,['David Nutter'],7.6,Episode aired 14 April 2019,Season 8,Episode 1,"SPOILER: Jon and Daenerys have a cold reception in Winterfell. Jon meets his brother and sisters and rides the dragons with Daenerys. Then she discloses to Sam the fate of his father and brother. When Jon meets Sam, he discloses who his parents are. Euron Greyjoy meets Cersei to collect his recompense for joining to her army. Theon rescues his sister Yara and decides to go to Winterfell. Jaime arrives in Winterfell and sees Bran Stark.","[' Action', ' Adventure', ' Drama', ' Fantasy', ' Romance']","['Peter Dinklage', 'Nikolaj Coster-Waldau', 'Lena Headey', 'Emilia Clarke', 'Kit Harington', 'Sophie Turner', 'Maisie Williams', 'Liam Cunningham', 'Nathalie Emmanuel', 'Alfie Allen', 'John Bradley', 'Isaac Hempstead Wright', 'Gwendoline Christie', 'Conleth Hill', 'Rory McCann']","['Tyrion Lannister', 'Jaime Lannister', 'Cersei Lannister', 'Daenerys Targaryen', 'Jon Snow', 'Sansa Stark', 'Arya Stark', 'Davos Seaworth', 'Missandei', 'Theon Greyjoy', 'Samwell Tarly', 'Bran Stark', 'Brienne of Tarth', 'Lord Varys', ""Sandor 'The Hound' Clegane""]"
68,A Knight of the Seven Kingdoms,['David Nutter'],7.9,Episode aired 21 April 2019,Season 8,Episode 2,Jamie is faced by his past mistakes. Tyrion's decisions are seen with doubt. The Battle of Winterfell is discussed tactically. Sansa and Danaerys discuss the future. The remaining Night's Watch are reunited. Everyone prepares emotionally with thoughts of their fate.,"[' Action', ' Adventure', ' Drama', ' Fantasy', ' Romance']","['Peter Dinklage', 'Nikolaj Coster-Waldau', 'Emilia Clarke', 'Kit Harington', 'Sophie Turner', 'Maisie Williams', 'Liam Cunningham', 'Nathalie Emmanuel', 'Alfie Allen', 'Joe Dempsie', 'Isaac Hempstead Wright', 'John Bradley', 'Hannah Murray', 'Gwendoline Christie', 'Conleth Hill']","['Tyrion Lannister', 'Jaime Lannister', 'Daenerys Targaryen', 'Jon Snow', 'Sansa Stark', 'Arya Stark', 'Davos Seaworth', 'Missandei', 'Theon Greyjoy', 'Gendry', 'Bran Stark', 'Samwell Tarly', 'Gilly', 'Brienne of Tarth', 'Lord Varys']"
69,The Long Night,['Miguel Sapochnik'],7.5,Episode aired 28 April 2019,Season 8,Episode 3,The Night King and his army have arrived at Winterfell and the great battle begins.,"[' Action', ' Adventure', ' Drama', ' Fantasy', ' Romance']","['Peter Dinklage', 'Nikolaj Coster-Waldau', 'Emilia Clarke', 'Kit Harington', 'Sophie Turner', 'Maisie Williams', 'Liam Cunningham', 'Carice van Houten', 'Nathalie Emmanuel', 'Alfie Allen', 'Isaac Hempstead Wright', 'John Bradley', 'Hannah Murray', 'Gwendoline Christie', 'Conleth Hill']","['Tyrion Lannister', 'Jaime Lannister', 'Daenerys Targaryen', 'Jon Snow', 'Sansa Stark', 'Arya Stark', 'Davos Seaworth', 'Melisandre', 'Missandei', 'Theon Greyjoy', 'Bran Stark', 'Samwell Tarly', 'Gilly', 'Brienne of Tarth', 'Lord Varys']"
70,The Last of the Starks,['David Nutter'],5.5,Episode aired 5 May 2019,Season 8,Episode 4,"After the funeral for the dead, there is a feast at Winterfell. Gendry is recognized as a Baratheon and asks Arya to marry him. Brienne and Jaime have a love affair. Daenerys asks Jon to keep his roots secret, but he decides to tell Sansa and Arya. Daenerys, her dragons, and her fleet are ambushed by Euron's fleet and are defeated; Missandei is taken captive. Daenerys decides to go to King's Landing to ask Cersei to surrender, but Cersei makes a tragic decision.","[' Action', ' Adventure', ' Drama', ' Fantasy', ' Romance']","['Peter Dinklage', 'Nikolaj Coster-Waldau', 'Lena Headey', 'Emilia Clarke', 'Kit Harington', 'Sophie Turner', 'Maisie Williams', 'Liam Cunningham', 'Nathalie Emmanuel', 'Alfie Allen', 'Isaac Hempstead Wright', 'Gwendoline Christie', 'Conleth Hill', 'John Bradley', 'Hannah Murray']","['Tyrion Lannister', 'Jaime Lannister', 'Cersei Lannister', 'Daenerys Targaryen', 'Jon Snow', 'Sansa Stark', 'Arya Stark', 'Davos Seaworth', 'Missandei', 'Theon Greyjoy', 'Bran Stark', 'Brienne of Tarth', 'Lord Varys', 'Samwell Tarly', 'Gilly']"
71,The Bells,['Miguel Sapochnik'],6.0,Episode aired 12 May 2019,Season 8,Episode 5,Forces have arrived at King's Landing for the final battle.,"[' Action', ' Adventure', ' Drama', ' Fantasy', ' Romance']","['Peter Dinklage', 'Nikolaj Coster-Waldau', 'Lena Headey', 'Emilia Clarke', 'Kit Harington', 'Maisie Williams', 'Liam Cunningham', 'Conleth Hill', 'Rory McCann', 'Jacob Anderson', 'Pilou Asbk', 'Anton Lesser', 'Hafr Jlus Bjrnsson', 'Laura Elphinstone', 'Marc Rissmann']","['Tyrion Lannister', 'Jaime Lannister', 'Cersei Lannister', 'Daenerys Targaryen', 'Jon Snow', 'Arya Stark', 'Davos Seaworth', 'Lord Varys', ""Sandor 'The Hound' Clegane"", 'Grey Worm', 'Euron Greyjoy', 'Qyburn', ""Gregor 'The Mountain' Clegane"", 'Nora', 'Harry Strickland']"
72,The Iron Throne,"['David Benioff', 'D.B. Weiss']",4.2,Episode aired 19 May 2019,Season 8,Episode 6,"In the aftermath of the devastating attack on King's Landing, Daenerys must face the survivors.","[' Action', ' Adventure', ' Drama', ' Fantasy', ' Romance']","['Peter Dinklage', 'Nikolaj Coster-Waldau', 'Lena Headey', 'Emilia Clarke', 'Kit Harington', 'Sophie Turner', 'Maisie Williams', 'Liam Cunningham', 'John Bradley', 'Isaac Hempstead Wright', 'Gwendoline Christie', 'Jerome Flynn', 'Kristofer Hivju', 'Joe Dempsie', 'Jacob Anderson']","['Tyrion Lannister', 'Jaime Lannister', 'Cersei Lannister', 'Daenerys Targaryen', 'Jon Snow', 'Sansa Stark', 'Arya Stark', 'Davos Seaworth', 'Samwell Tarly', 'Bran Stark', 'Brienne of Tarth', 'Bronn', 'Tormund Giantsbane', 'Gendry', 'Grey Worm']"
